file_name,tumor_type,seed_index,seed_ann_id,mpp,match_radius_px,n_pool,n_gt_mitotic,n_gt_mitotic_csv,n_tp_recomputed,n_tp_ledger,ranks_exact,n_components,frac_on_nucleus,n_size_undefined
013.tiff,human breast cancer,0,254,0.2263209480531052,33.13877952755905,27785,17,17,17,17,True,85930,0.16965988842900845,23071
013.tiff,human breast cancer,1,246,0.2263209480531052,33.13877952755905,28753,17,17,17,17,True,85930,0.25527771015198414,21413
013.tiff,human breast cancer,2,258,0.2263209480531052,33.13877952755905,26941,17,17,17,17,True,85930,0.2488400579043094,20237
013.tiff,human breast cancer,3,263,0.2263209480531052,33.13877952755905,32630,17,17,17,17,True,85930,0.23990193073858412,24802
013.tiff,human breast cancer,4,242,0.2263209480531052,33.13877952755905,31171,17,17,17,17,True,85930,0.3351833434923487,20723
094.tiff,human breast cancer,0,2512,0.2298476128425091,32.63031496062992,34573,81,81,81,81,True,74962,0.6019726376073815,13761
094.tiff,human breast cancer,1,2534,0.2298476128425091,32.63031496062992,28700,81,81,81,81,True,74962,0.45066202090592333,15766
094.tiff,human breast cancer,2,2494,0.2298476128425091,32.63031496062992,33056,81,81,81,81,True,74962,0.4570728460793804,17947
094.tiff,human breast cancer,3,2612,0.2298476128425091,32.63031496062992,27735,81,81,81,81,True,74962,0.46035694970254193,14967
094.tiff,human breast cancer,4,2494,0.2298476128425091,32.63031496062992,33056,81,81,81,81,True,74962,0.4570728460793804,17947
201.tiff,canine lung cancer,0,4457,0.2481656261296909,30.221751968503938,22631,17,17,17,17,True,115792,0.5938756572842561,9191
201.tiff,canine lung cancer,1,4457,0.2481656261296909,30.221751968503938,22631,17,17,17,17,True,115792,0.5938756572842561,9191
201.tiff,canine lung cancer,2,4475,0.2481656261296909,30.221751968503938,17861,17,17,17,17,True,115792,0.5437545490174123,8149
201.tiff,canine lung cancer,3,4454,0.2481656261296909,30.221751968503938,23817,17,17,17,17,True,115792,0.3335852542301717,15872
201.tiff,canine lung cancer,4,4479,0.2481656261296909,30.221751968503938,16911,17,17,17,17,True,115792,0.5916267518183431,6906
233.tiff,canine lung cancer,0,5761,0.2481656261296909,30.221751968503938,33221,17,17,17,17,True,90031,0.46684326179223984,17712
233.tiff,canine lung cancer,1,5761,0.2481656261296909,30.221751968503938,33221,17,17,17,17,True,90031,0.46684326179223984,17712
233.tiff,canine lung cancer,2,5770,0.2481656261296909,30.221751968503938,20836,17,17,17,17,True,90031,0.5548569783067767,9275
233.tiff,canine lung cancer,3,5760,0.2481656261296909,30.221751968503938,18082,17,17,17,17,True,90031,0.5938502378055525,7344
233.tiff,canine lung cancer,4,5761,0.2481656261296909,30.221751968503938,33221,17,17,17,17,True,90031,0.46684326179223984,17712
245.tiff,canine lymphosarcoma,0,6274,0.2481656261296909,30.221751968503938,38389,89,89,89,89,True,100377,0.41397275261142513,22497
245.tiff,canine lymphosarcoma,1,6243,0.2481656261296909,30.221751968503938,40879,89,89,89,89,True,100377,0.6665525086230094,13631
245.tiff,canine lymphosarcoma,2,6249,0.2481656261296909,30.221751968503938,36765,89,89,89,89,True,100377,0.7770161838705291,8198
245.tiff,canine lymphosarcoma,3,6257,0.2481656261296909,30.221751968503938,38012,89,89,89,89,True,100377,0.7585499316005472,9178
245.tiff,canine lymphosarcoma,4,6354,0.2481656261296909,30.221751968503938,37617,89,89,89,89,True,100377,0.8277906265784087,6478
246.tiff,canine lymphosarcoma,0,6548,0.2481656261296909,30.221751968503938,30343,115,115,115,115,True,166756,0.5860659789737337,12560
246.tiff,canine lymphosarcoma,1,6599,0.2481656261296909,30.221751968503938,31638,115,115,115,115,True,166756,0.5835387824767685,13176
246.tiff,canine lymphosarcoma,2,6484,0.2481656261296909,30.221751968503938,29149,115,115,115,115,True,166756,0.6634875982023397,9809
246.tiff,canine lymphosarcoma,3,6520,0.2481656261296909,30.221751968503938,28531,115,115,115,115,True,166756,0.5231502576145246,13605
246.tiff,canine lymphosarcoma,4,6587,0.2481656261296909,30.221751968503938,31289,115,115,115,115,True,166756,0.6759883665185848,10138
300.tiff,canine cutaneous mast cell tumor,0,14581,0.2533008895448562,29.60905511811024,23413,180,180,180,180,True,83661,0.4822107376243967,12123
300.tiff,canine cutaneous mast cell tumor,1,14577,0.2533008895448562,29.60905511811024,29804,180,180,180,180,True,83661,0.26117299691316603,22020
300.tiff,canine cutaneous mast cell tumor,2,14614,0.2533008895448562,29.60905511811024,23524,180,180,180,180,True,83661,0.39219520489712634,14298
300.tiff,canine cutaneous mast cell tumor,3,14614,0.2533008895448562,29.60905511811024,23524,180,180,180,180,True,83661,0.39219520489712634,14298
300.tiff,canine cutaneous mast cell tumor,4,14500,0.2533008895448562,29.60905511811024,28442,180,180,180,180,True,83661,0.44666338513466003,15738
301.tiff,canine cutaneous mast cell tumor,0,14969,0.2533008895448562,29.60905511811024,25447,217,217,217,217,True,58264,0.7860651550280976,5444
301.tiff,canine cutaneous mast cell tumor,1,14753,0.2533008895448562,29.60905511811024,32225,217,217,217,217,True,58264,0.19286268425135764,26010
301.tiff,canine cutaneous mast cell tumor,2,14823,0.2533008895448562,29.60905511811024,33716,217,217,217,217,True,58264,0.2449875430062878,25456
301.tiff,canine cutaneous mast cell tumor,3,14788,0.2533008895448562,29.60905511811024,34274,217,217,217,217,True,58264,0.13748030577113848,29562
301.tiff,canine cutaneous mast cell tumor,4,14817,0.2533008895448562,29.60905511811024,30382,217,217,217,217,True,58264,0.6664472384964781,10134
402.tiff,human neuroendocrine tumor,0,20254,0.2263209480531052,33.13877952755905,32553,104,104,104,104,True,64808,0.6651614290541579,10900
402.tiff,human neuroendocrine tumor,1,20258,0.2263209480531052,33.13877952755905,21387,104,104,104,104,True,64808,0.7117875344835648,6164
402.tiff,human neuroendocrine tumor,2,20245,0.2263209480531052,33.13877952755905,29723,104,104,104,104,True,64808,0.7038320492547858,8803
402.tiff,human neuroendocrine tumor,3,20183,0.2263209480531052,33.13877952755905,31042,104,104,104,104,True,64808,0.71960569550931,8704
402.tiff,human neuroendocrine tumor,4,20182,0.2263209480531052,33.13877952755905,33966,104,104,104,104,True,64808,0.27389153859742094,24663
403.tiff,human neuroendocrine tumor,0,20334,0.2268606593249555,33.059940944881895,30303,52,52,52,52,True,36861,0.14137214137214138,26019
403.tiff,human neuroendocrine tumor,1,20344,0.2268606593249555,33.059940944881895,28794,52,52,52,52,True,36861,0.3455581023824408,18844
403.tiff,human neuroendocrine tumor,2,20355,0.2268606593249555,33.059940944881895,28589,52,52,52,52,True,36861,0.1418727482598202,24533
403.tiff,human neuroendocrine tumor,3,20353,0.2268606593249555,33.059940944881895,28178,52,52,52,52,True,36861,0.3298672723401235,18883
403.tiff,human neuroendocrine tumor,4,20334,0.2268606593249555,33.059940944881895,30303,52,52,52,52,True,36861,0.14137214137214138,26019
459.tiff,canine soft tissue sarcoma,0,22441,0.2481656261296909,30.221751968503938,26152,130,130,130,130,True,92815,0.6337565004588559,9578
459.tiff,canine soft tissue sarcoma,1,22445,0.2481656261296909,30.221751968503938,21905,130,130,130,130,True,92815,0.7231682264323214,6064
459.tiff,canine soft tissue sarcoma,2,22306,0.2481656261296909,30.221751968503938,24546,130,130,130,130,True,92815,0.7496537113990059,6145
459.tiff,canine soft tissue sarcoma,3,22371,0.2481656261296909,30.221751968503938,19414,130,130,130,130,True,92815,0.7248377459565262,5342
459.tiff,canine soft tissue sarcoma,4,22305,0.2481656261296909,30.221751968503938,20990,130,130,130,130,True,92815,0.6955216769890424,6391
460.tiff,canine soft tissue sarcoma,0,22577,0.2481656261296909,30.221751968503938,20009,35,35,35,35,True,65468,0.4556949372782248,10891
460.tiff,canine soft tissue sarcoma,1,22538,0.2481656261296909,30.221751968503938,25290,35,35,35,35,True,65468,0.45895610913404505,13683
460.tiff,canine soft tissue sarcoma,2,22552,0.2481656261296909,30.221751968503938,17993,35,35,35,35,True,65468,0.4792419274162174,9370
460.tiff,canine soft tissue sarcoma,3,22537,0.2481656261296909,30.221751968503938,22948,35,35,35,35,True,65468,0.39981697751438033,13773
460.tiff,canine soft tissue sarcoma,4,22568,0.2481656261296909,30.221751968503938,23730,35,35,35,35,True,65468,0.4829751369574378,12269
529.tiff,human melanoma,0,24918,0.2268329263261596,33.0639829123214,23167,19,19,19,19,True,110302,0.3965122803988432,13981
529.tiff,human melanoma,1,24937,0.2268329263261596,33.0639829123214,22979,19,19,19,19,True,110302,0.516602114974542,11108
529.tiff,human melanoma,2,24911,0.2268329263261596,33.0639829123214,23466,19,19,19,19,True,110302,0.3965311514531663,14161
529.tiff,human melanoma,3,24909,0.2268329263261596,33.0639829123214,20405,19,19,19,19,True,110302,0.3360940945846606,13547
529.tiff,human melanoma,4,24918,0.2268329263261596,33.0639829123214,23167,19,19,19,19,True,110302,0.3965122803988432,13981
548.tiff,human melanoma,0,25804,0.2274429426126747,32.975303229224245,29162,238,238,238,238,True,62326,0.4946848638639325,14736
548.tiff,human melanoma,1,25712,0.2274429426126747,32.975303229224245,25403,238,238,238,238,True,62326,0.531787584143605,11894
548.tiff,human melanoma,2,25735,0.2274429426126747,32.975303229224245,27120,238,238,238,238,True,62326,0.45896017699115044,14673
548.tiff,human melanoma,3,25802,0.2274429426126747,32.975303229224245,26956,238,238,238,238,True,62326,0.5310876984715833,12640
548.tiff,human melanoma,4,25719,0.2274429426126747,32.975303229224245,29408,238,238,238,238,True,62326,0.5354665397170838,13661
