file_name,tumor_type,image_id,z,score_cut,n_peaks_pre_nms,n_retained,n_returned_at_k,tp_at_k,lookalike_at_k,unannotated_at_k,precision_at_k,tp_full,lookalike_full,unannotated_full,precision_full,n_gt_mitotic,recall_full,t_z_s
013.tiff,human breast cancer,13,-1.5,-0.19706990161091087,47708,17200,20,5,3,12,0.25,17,15,17168,0.0009883720930232557,17,1.0,3.1
013.tiff,human breast cancer,13,1.0,0.1233874948143959,21028,11571,20,5,3,12,0.25,17,15,11539,0.0014691902169216143,17,1.0,0.97
013.tiff,human breast cancer,13,2.0,0.2515704533845186,12160,7892,20,5,3,12,0.25,17,15,7860,0.0021540800810947794,17,1.0,0.81
013.tiff,human breast cancer,13,3.0,0.3797534119546413,9412,6568,20,5,3,12,0.25,17,15,6536,0.0025883069427527407,17,1.0,0.73
013.tiff,human breast cancer,13,4.0,0.507936370524764,7454,5527,20,5,3,12,0.25,17,15,5495,0.003075809661660937,17,1.0,0.73
013.tiff,human breast cancer,13,5.0,0.6361193290948868,5734,4500,20,5,3,12,0.25,17,15,4468,0.003777777777777778,17,1.0,0.71
013.tiff,human breast cancer,13,6.0,0.7643022876650094,4227,3478,20,5,3,12,0.25,17,15,3446,0.00488786658999425,17,1.0,0.63
013.tiff,human breast cancer,13,8.0,1.0206682048052549,1979,1771,20,5,3,12,0.25,17,15,1739,0.009599096555618294,17,1.0,0.63
013.tiff,human breast cancer,13,10.0,1.2770341219455004,863,810,20,5,3,12,0.25,15,13,782,0.018518518518518517,17,0.8823529411764706,0.75
013.tiff,human breast cancer,13,12.0,1.5334000390857456,339,331,20,5,3,12,0.25,11,10,310,0.03323262839879154,17,0.6470588235294118,0.67
013.tiff,human breast cancer,13,15.0,1.917948914796114,93,91,20,5,3,12,0.25,10,5,76,0.10989010989010989,17,0.5882352941176471,0.72
013.tiff,human breast cancer,13,18.0,2.302497790506482,25,24,20,5,3,12,0.25,6,3,15,0.25,17,0.35294117647058826,1.16
013.tiff,human breast cancer,13,22.0,2.815229624786973,6,5,5,2,1,2,0.4,2,1,2,0.4,17,0.11764705882352941,0.78
013.tiff,human breast cancer,13,26.0,3.3279614590674638,1,1,1,0,1,0,0.0,0,1,0,0.0,17,0.0,0.72
094.tiff,human breast cancer,94,-1.5,-0.07903732939772308,60692,18410,20,10,8,2,0.5,81,102,18227,0.004399782726778925,81,1.0,4.56
094.tiff,human breast cancer,94,1.0,0.047292695757374166,40820,15369,20,10,8,2,0.5,81,102,15186,0.005270349404645715,81,1.0,1.5
094.tiff,human breast cancer,94,2.0,0.09782470581941306,24066,12294,20,10,8,2,0.5,81,102,12111,0.006588579795021962,81,1.0,1.16
094.tiff,human breast cancer,94,3.0,0.14835671588145197,12985,8678,20,10,8,2,0.5,81,102,8495,0.00933394791426596,81,1.0,0.95
094.tiff,human breast cancer,94,4.0,0.19888872594349086,6792,5067,20,10,8,2,0.5,81,102,4884,0.015985790408525755,81,1.0,0.82
094.tiff,human breast cancer,94,5.0,0.24942073600552978,3936,2991,20,10,8,2,0.5,80,101,2810,0.026746907388833167,81,0.9876543209876543,0.81
094.tiff,human breast cancer,94,6.0,0.29995274606756867,2692,2066,20,10,8,2,0.5,80,99,1887,0.03872216844143272,81,0.9876543209876543,0.7
094.tiff,human breast cancer,94,8.0,0.40101676619164645,1483,1205,20,10,8,2,0.5,74,88,1043,0.061410788381742736,81,0.9135802469135802,0.67
094.tiff,human breast cancer,94,10.0,0.5020807863157243,753,663,20,10,8,2,0.5,63,62,538,0.09502262443438914,81,0.7777777777777778,0.69
094.tiff,human breast cancer,94,12.0,0.6031448064398021,326,306,20,10,8,2,0.5,47,43,216,0.15359477124183007,81,0.5802469135802469,0.66
094.tiff,human breast cancer,94,15.0,0.7547408366259187,66,64,20,10,8,2,0.5,32,16,16,0.5,81,0.3950617283950617,0.72
094.tiff,human breast cancer,94,18.0,0.9063368668120354,14,14,14,6,7,1,0.42857142857142855,6,7,1,0.42857142857142855,81,0.07407407407407407,0.7
094.tiff,human breast cancer,94,22.0,1.108464907060191,1,1,1,0,1,0,0.0,0,1,0,0.0,81,0.0,1.23
094.tiff,human breast cancer,94,26.0,1.3105929473083466,0,0,0,0,0,0,,0,0,0,,81,0.0,0.81
201.tiff,canine lung cancer,201,-1.5,-0.946875391870737,31314,15848,20,5,1,14,0.25,17,49,15782,0.0010726905603230693,17,1.0,2.33
201.tiff,canine lung cancer,201,1.0,0.5838737142384052,21744,12973,20,5,1,14,0.25,17,49,12907,0.0013104139366376321,17,1.0,1.02
201.tiff,canine lung cancer,201,2.0,1.196173356682062,10318,7952,20,5,1,14,0.25,17,49,7886,0.002137826961770624,17,1.0,0.72
201.tiff,canine lung cancer,201,3.0,1.808472999125719,3412,3129,20,5,1,14,0.25,17,48,3064,0.005433045701502077,17,1.0,0.6
201.tiff,canine lung cancer,201,4.0,2.4207726415693758,780,752,20,5,1,14,0.25,17,36,699,0.022606382978723406,17,1.0,0.6
201.tiff,canine lung cancer,201,5.0,3.0330722840130324,143,141,20,5,1,14,0.25,12,14,115,0.0851063829787234,17,0.7058823529411765,0.52
201.tiff,canine lung cancer,201,6.0,3.6453719264566895,25,23,20,5,1,14,0.25,6,1,16,0.2608695652173913,17,0.35294117647058826,0.56
201.tiff,canine lung cancer,201,8.0,4.869971211344003,2,1,1,0,0,1,0.0,0,0,1,0.0,17,0.0,0.56
201.tiff,canine lung cancer,201,10.0,6.0945704962313165,0,0,0,0,0,0,,0,0,0,,17,0.0,0.5
201.tiff,canine lung cancer,201,12.0,7.319169781118631,0,0,0,0,0,0,,0,0,0,,17,0.0,0.51
201.tiff,canine lung cancer,201,15.0,9.1560687084496,0,0,0,0,0,0,,0,0,0,,17,0.0,0.48
201.tiff,canine lung cancer,201,18.0,10.992967635780571,0,0,0,0,0,0,,0,0,0,,17,0.0,0.52
201.tiff,canine lung cancer,201,22.0,13.4421662055552,0,0,0,0,0,0,,0,0,0,,17,0.0,0.5
201.tiff,canine lung cancer,201,26.0,15.891364775329826,0,0,0,0,0,0,,0,0,0,,17,0.0,0.5
233.tiff,canine lung cancer,233,-1.5,-0.23124976717382667,50664,17614,20,7,3,10,0.35,17,22,17575,0.0009651413648234359,17,1.0,2.85
233.tiff,canine lung cancer,233,1.0,0.1277790788590908,34461,15074,20,7,3,10,0.35,17,21,15036,0.0011277696696298262,17,1.0,1.06
233.tiff,canine lung cancer,233,2.0,0.2713906172722578,21685,11745,20,7,3,10,0.35,17,21,11707,0.0014474244359301831,17,1.0,0.93
233.tiff,canine lung cancer,233,3.0,0.41500215568542476,13396,8778,20,7,3,10,0.35,17,21,8740,0.0019366598313966736,17,1.0,0.7
233.tiff,canine lung cancer,233,4.0,0.5586136940985917,6960,5370,20,7,3,10,0.35,17,19,5334,0.003165735567970205,17,1.0,0.59
233.tiff,canine lung cancer,233,5.0,0.7022252325117587,3209,2732,20,7,3,10,0.35,17,16,2699,0.006222547584187409,17,1.0,0.55
233.tiff,canine lung cancer,233,6.0,0.8458367709249257,1348,1207,20,7,3,10,0.35,16,14,1177,0.013256006628003313,17,0.9411764705882353,0.53
233.tiff,canine lung cancer,233,8.0,1.1330598477512597,215,208,20,7,3,10,0.35,11,7,190,0.052884615384615384,17,0.6470588235294118,0.49
233.tiff,canine lung cancer,233,10.0,1.4202829245775936,33,32,20,7,3,10,0.35,7,4,21,0.21875,17,0.4117647058823529,0.45
233.tiff,canine lung cancer,233,12.0,1.7075060014039276,3,2,2,1,0,1,0.5,1,0,1,0.5,17,0.058823529411764705,0.45
233.tiff,canine lung cancer,233,15.0,2.1383406166434287,0,0,0,0,0,0,,0,0,0,,17,0.0,0.47
233.tiff,canine lung cancer,233,18.0,2.5691752318829293,0,0,0,0,0,0,,0,0,0,,17,0.0,0.53
233.tiff,canine lung cancer,233,22.0,3.1436213855355977,0,0,0,0,0,0,,0,0,0,,17,0.0,0.48
233.tiff,canine lung cancer,233,26.0,3.718067539188265,0,0,0,0,0,0,,0,0,0,,17,0.0,0.46
245.tiff,canine lymphosarcoma,245,-1.5,-0.327651850669086,59173,17552,20,1,1,18,0.05,87,67,17398,0.0049567000911577026,89,0.9775280898876404,3.89
245.tiff,canine lymphosarcoma,245,1.0,0.20759083223491906,53530,17031,20,1,1,18,0.05,87,67,16877,0.005108331865421878,89,0.9775280898876404,1.31
245.tiff,canine lymphosarcoma,245,2.0,0.42168790539652107,26741,12694,20,1,1,18,0.05,86,63,12545,0.006774854261855995,89,0.9662921348314607,0.89
245.tiff,canine lymphosarcoma,245,3.0,0.6357849785581231,5681,4316,20,1,1,18,0.05,57,38,4221,0.013206672845227063,89,0.6404494382022472,0.53
245.tiff,canine lymphosarcoma,245,4.0,0.8498820517197251,587,542,20,1,1,18,0.05,17,6,519,0.03136531365313653,89,0.19101123595505617,0.61
245.tiff,canine lymphosarcoma,245,5.0,1.063979124881327,31,29,20,1,1,18,0.05,1,1,27,0.034482758620689655,89,0.011235955056179775,0.67
245.tiff,canine lymphosarcoma,245,6.0,1.2780761980429292,3,2,2,0,0,2,0.0,0,0,2,0.0,89,0.0,1.03
245.tiff,canine lymphosarcoma,245,8.0,1.7062703443661331,1,0,0,0,0,0,,0,0,0,,89,0.0,0.84
245.tiff,canine lymphosarcoma,245,10.0,2.134464490689337,1,0,0,0,0,0,,0,0,0,,89,0.0,0.75
245.tiff,canine lymphosarcoma,245,12.0,2.5626586370125413,0,0,0,0,0,0,,0,0,0,,89,0.0,0.66
245.tiff,canine lymphosarcoma,245,15.0,3.2049498564973473,0,0,0,0,0,0,,0,0,0,,89,0.0,0.54
245.tiff,canine lymphosarcoma,245,18.0,3.8472410759821534,0,0,0,0,0,0,,0,0,0,,89,0.0,0.62
245.tiff,canine lymphosarcoma,245,22.0,4.703629368628561,0,0,0,0,0,0,,0,0,0,,89,0.0,0.73
245.tiff,canine lymphosarcoma,245,26.0,5.560017661274969,0,0,0,0,0,0,,0,0,0,,89,0.0,0.45
246.tiff,canine lymphosarcoma,246,-1.5,-0.2630858515538275,41944,17763,20,18,1,1,0.9,115,121,17527,0.006474131621910713,115,1.0,3.14
246.tiff,canine lymphosarcoma,246,1.0,0.1651780351474881,34771,16836,20,18,1,1,0.9,115,121,16600,0.006830601092896175,115,1.0,0.93
246.tiff,canine lymphosarcoma,246,2.0,0.33648358982801435,16141,11248,20,18,1,1,0.9,115,119,11014,0.010224039829302986,115,1.0,0.7
246.tiff,canine lymphosarcoma,246,3.0,0.5077891445085406,4431,3853,20,18,1,1,0.9,112,111,3630,0.02906825849987023,115,0.9739130434782609,0.57
246.tiff,canine lymphosarcoma,246,4.0,0.6790946991890668,1326,1215,20,18,1,1,0.9,101,82,1032,0.0831275720164609,115,0.8782608695652174,1.24
246.tiff,canine lymphosarcoma,246,5.0,0.8504002538695931,523,489,20,18,1,1,0.9,82,59,348,0.16768916155419222,115,0.7130434782608696,1.22
246.tiff,canine lymphosarcoma,246,6.0,1.0217058085501194,228,220,20,18,1,1,0.9,70,30,120,0.3181818181818182,115,0.6086956521739131,1.24
246.tiff,canine lymphosarcoma,246,8.0,1.3643169179111718,43,41,20,18,1,1,0.9,29,4,8,0.7073170731707317,115,0.25217391304347825,0.73
246.tiff,canine lymphosarcoma,246,10.0,1.7069280272722243,7,6,6,6,0,0,1.0,6,0,0,1.0,115,0.05217391304347826,0.65
246.tiff,canine lymphosarcoma,246,12.0,2.049539136633277,1,0,0,0,0,0,,0,0,0,,115,0.0,0.7
246.tiff,canine lymphosarcoma,246,15.0,2.5634558006748556,0,0,0,0,0,0,,0,0,0,,115,0.0,0.86
246.tiff,canine lymphosarcoma,246,18.0,3.077372464716434,0,0,0,0,0,0,,0,0,0,,115,0.0,1.53
246.tiff,canine lymphosarcoma,246,22.0,3.762594683438539,0,0,0,0,0,0,,0,0,0,,115,0.0,0.79
246.tiff,canine lymphosarcoma,246,26.0,4.447816902160644,0,0,0,0,0,0,,0,0,0,,115,0.0,0.67
300.tiff,canine cutaneous mast cell tumor,300,-1.5,-0.6144097577184437,33132,17940,20,14,3,3,0.7,179,85,17676,0.009977703455964326,180,0.9944444444444445,3.85
300.tiff,canine cutaneous mast cell tumor,300,1.0,0.31429602077603336,25079,15451,20,14,3,3,0.7,179,85,15187,0.011585010678920458,180,0.9944444444444445,1.49
300.tiff,canine cutaneous mast cell tumor,300,2.0,0.6857783321738242,17270,12743,20,14,3,3,0.7,178,84,12481,0.013968453268461117,180,0.9888888888888889,1.16
300.tiff,canine cutaneous mast cell tumor,300,3.0,1.057260643571615,10044,8840,20,14,3,3,0.7,173,74,8593,0.019570135746606335,180,0.9611111111111111,1.45
300.tiff,canine cutaneous mast cell tumor,300,4.0,1.428742954969406,4041,3892,20,14,3,3,0.7,162,54,3676,0.04162384378211716,180,0.9,1.27
300.tiff,canine cutaneous mast cell tumor,300,5.0,1.800225266367197,1026,1006,20,14,3,3,0.7,124,27,855,0.12326043737574553,180,0.6888888888888889,0.87
300.tiff,canine cutaneous mast cell tumor,300,6.0,2.1717075777649875,253,249,20,14,3,3,0.7,76,13,160,0.30522088353413657,180,0.4222222222222222,0.68
300.tiff,canine cutaneous mast cell tumor,300,8.0,2.9146722005605694,16,15,15,11,2,2,0.7333333333333333,11,2,2,0.7333333333333333,180,0.06111111111111111,0.71
300.tiff,canine cutaneous mast cell tumor,300,10.0,3.6576368233561514,3,2,2,2,0,0,1.0,2,0,0,1.0,180,0.011111111111111112,0.68
300.tiff,canine cutaneous mast cell tumor,300,12.0,4.400601446151732,0,0,0,0,0,0,,0,0,0,,180,0.0,0.7
300.tiff,canine cutaneous mast cell tumor,300,15.0,5.515048380345106,0,0,0,0,0,0,,0,0,0,,180,0.0,0.7
300.tiff,canine cutaneous mast cell tumor,300,18.0,6.629495314538478,0,0,0,0,0,0,,0,0,0,,180,0.0,0.75
300.tiff,canine cutaneous mast cell tumor,300,22.0,8.115424560129641,0,0,0,0,0,0,,0,0,0,,180,0.0,0.79
300.tiff,canine cutaneous mast cell tumor,300,26.0,9.601353805720805,0,0,0,0,0,0,,0,0,0,,180,0.0,0.77
301.tiff,canine cutaneous mast cell tumor,301,-1.5,-0.32786070038974285,31687,17963,20,16,3,1,0.8,217,107,17639,0.012080387463118633,217,1.0,6.13
301.tiff,canine cutaneous mast cell tumor,301,1.0,0.18111680724620818,26849,16687,20,16,3,1,0.8,217,107,16363,0.013004134955354468,217,1.0,1.42
301.tiff,canine cutaneous mast cell tumor,301,2.0,0.3847078103005886,17417,13347,20,16,3,1,0.8,216,105,13026,0.016183412002697236,217,0.9953917050691244,1.58
301.tiff,canine cutaneous mast cell tumor,301,3.0,0.588298813354969,6318,5879,20,16,3,1,0.8,198,100,5581,0.03367919714237115,217,0.9124423963133641,1.11
301.tiff,canine cutaneous mast cell tumor,301,4.0,0.7918898164093494,1334,1313,20,16,3,1,0.8,152,52,1109,0.11576542269611577,217,0.7004608294930875,0.89
301.tiff,canine cutaneous mast cell tumor,301,5.0,0.9954808194637299,266,263,20,16,3,1,0.8,103,16,144,0.3916349809885932,217,0.47465437788018433,1.1
301.tiff,canine cutaneous mast cell tumor,301,6.0,1.1990718225181103,84,83,20,16,3,1,0.8,62,7,14,0.7469879518072289,217,0.2857142857142857,0.92
301.tiff,canine cutaneous mast cell tumor,301,8.0,1.606253828626871,2,2,2,1,0,1,0.5,1,0,1,0.5,217,0.004608294930875576,0.93
301.tiff,canine cutaneous mast cell tumor,301,10.0,2.013435834735632,0,0,0,0,0,0,,0,0,0,,217,0.0,0.85
301.tiff,canine cutaneous mast cell tumor,301,12.0,2.420617840844393,0,0,0,0,0,0,,0,0,0,,217,0.0,1.04
301.tiff,canine cutaneous mast cell tumor,301,15.0,3.0313908500075337,0,0,0,0,0,0,,0,0,0,,217,0.0,0.71
301.tiff,canine cutaneous mast cell tumor,301,18.0,3.642163859170675,0,0,0,0,0,0,,0,0,0,,217,0.0,0.62
301.tiff,canine cutaneous mast cell tumor,301,22.0,4.456527871388197,0,0,0,0,0,0,,0,0,0,,217,0.0,0.67
301.tiff,canine cutaneous mast cell tumor,301,26.0,5.270891883605718,0,0,0,0,0,0,,0,0,0,,217,0.0,0.63
402.tiff,human neuroendocrine tumor,402,-1.5,-1.4365232354879378,49700,17337,20,9,4,7,0.45,104,79,17154,0.005998731037665109,104,1.0,3.69
402.tiff,human neuroendocrine tumor,402,1.0,0.8647760246515274,39421,15912,20,9,4,7,0.45,104,79,15729,0.006535947712418301,104,1.0,1.59
402.tiff,human neuroendocrine tumor,402,2.0,1.7852957287073135,20638,11850,20,9,4,7,0.45,104,79,11667,0.008776371308016877,104,1.0,1.31
402.tiff,human neuroendocrine tumor,402,3.0,2.7058154327630994,7327,5543,20,9,4,7,0.45,104,79,5360,0.01876240303084972,104,1.0,0.89
402.tiff,human neuroendocrine tumor,402,4.0,3.6263351368188856,2340,2017,20,9,4,7,0.45,102,72,1843,0.05057015369360436,104,0.9807692307692307,0.69
402.tiff,human neuroendocrine tumor,402,5.0,4.546854840874672,922,847,20,9,4,7,0.45,96,58,693,0.11334120425029516,104,0.9230769230769231,0.63
402.tiff,human neuroendocrine tumor,402,6.0,5.467374544930458,429,408,20,9,4,7,0.45,89,45,274,0.2181372549019608,104,0.8557692307692307,0.58
402.tiff,human neuroendocrine tumor,402,8.0,7.30841395304203,127,124,20,9,4,7,0.45,53,19,52,0.4274193548387097,104,0.5096153846153846,0.56
402.tiff,human neuroendocrine tumor,402,10.0,9.149453361153602,31,30,20,9,4,7,0.45,15,4,11,0.5,104,0.14423076923076922,0.59
402.tiff,human neuroendocrine tumor,402,12.0,10.990492769265174,3,2,2,0,1,1,0.0,0,1,1,0.0,104,0.0,0.57
402.tiff,human neuroendocrine tumor,402,15.0,13.752051881432532,1,0,0,0,0,0,,0,0,0,,104,0.0,0.49
402.tiff,human neuroendocrine tumor,402,18.0,16.51361099359989,0,0,0,0,0,0,,0,0,0,,104,0.0,0.53
402.tiff,human neuroendocrine tumor,402,22.0,20.195689809823037,0,0,0,0,0,0,,0,0,0,,104,0.0,0.52
402.tiff,human neuroendocrine tumor,402,26.0,23.87776862604618,0,0,0,0,0,0,,0,0,0,,104,0.0,0.56
403.tiff,human neuroendocrine tumor,403,-1.5,-0.27622290484514084,47569,17326,20,5,4,11,0.25,52,44,17230,0.0030012697679787604,52,1.0,2.38
403.tiff,human neuroendocrine tumor,403,1.0,0.18229357028473167,22533,11319,20,5,4,11,0.25,52,43,11224,0.004594045410371941,52,1.0,0.75
403.tiff,human neuroendocrine tumor,403,2.0,0.3657001603366807,16345,9004,20,5,4,11,0.25,52,38,8914,0.005775211017325633,52,1.0,0.65
403.tiff,human neuroendocrine tumor,403,3.0,0.5491067503886297,13721,7846,20,5,4,11,0.25,52,30,7764,0.00662758093295947,52,1.0,0.57
403.tiff,human neuroendocrine tumor,403,4.0,0.7325133404405787,11864,7147,20,5,4,11,0.25,52,27,7068,0.007275780047572408,52,1.0,0.55
403.tiff,human neuroendocrine tumor,403,5.0,0.9159199304925277,10124,6475,20,5,4,11,0.25,52,25,6398,0.008030888030888032,52,1.0,0.49
403.tiff,human neuroendocrine tumor,403,6.0,1.0993265205444767,8457,5784,20,5,4,11,0.25,52,24,5708,0.008990318118948824,52,1.0,0.49
403.tiff,human neuroendocrine tumor,403,8.0,1.4661397006483747,5231,4092,20,5,4,11,0.25,51,21,4020,0.012463343108504398,52,0.9807692307692307,0.46
403.tiff,human neuroendocrine tumor,403,10.0,1.8329528807522728,2807,2426,20,5,4,11,0.25,49,19,2358,0.02019785655399835,52,0.9423076923076923,0.42
403.tiff,human neuroendocrine tumor,403,12.0,2.1997660608561707,1327,1212,20,5,4,11,0.25,45,17,1150,0.03712871287128713,52,0.8653846153846154,0.42
403.tiff,human neuroendocrine tumor,403,15.0,2.749985831012018,388,373,20,5,4,11,0.25,38,9,326,0.10187667560321716,52,0.7307692307692307,0.41
403.tiff,human neuroendocrine tumor,403,18.0,3.300205601167865,105,102,20,5,4,11,0.25,24,5,73,0.23529411764705882,52,0.46153846153846156,0.39
403.tiff,human neuroendocrine tumor,403,22.0,4.033831961375661,22,21,20,5,4,11,0.25,6,4,11,0.2857142857142857,52,0.11538461538461539,0.41
403.tiff,human neuroendocrine tumor,403,26.0,4.767458321583457,3,3,3,1,1,1,0.3333333333333333,1,1,1,0.3333333333333333,52,0.019230769230769232,0.4
459.tiff,canine soft tissue sarcoma,459,-1.5,-0.8055799090117215,36843,17994,20,10,5,5,0.5,130,90,17774,0.007224630432366344,130,1.0,1.45
459.tiff,canine soft tissue sarcoma,459,1.0,0.4524449388682842,27400,15834,20,10,5,5,0.5,130,90,15614,0.008210180623973728,130,1.0,0.55
459.tiff,canine soft tissue sarcoma,459,2.0,0.9556548780202865,17210,12399,20,10,5,5,0.5,129,87,12183,0.010404064843939027,130,0.9923076923076923,0.45
459.tiff,canine soft tissue sarcoma,459,3.0,1.4588648171722887,7485,6666,20,10,5,5,0.5,121,83,6462,0.018151815181518153,130,0.9307692307692308,0.36
459.tiff,canine soft tissue sarcoma,459,4.0,1.962074756324291,2175,2113,20,10,5,5,0.5,103,54,1956,0.048745858968291526,130,0.7923076923076923,0.31
459.tiff,canine soft tissue sarcoma,459,5.0,2.4652846954762935,449,446,20,10,5,5,0.5,65,30,351,0.14573991031390135,130,0.5,0.29
459.tiff,canine soft tissue sarcoma,459,6.0,2.9684946346282954,107,106,20,10,5,5,0.5,41,14,51,0.3867924528301887,130,0.3153846153846154,0.3
459.tiff,canine soft tissue sarcoma,459,8.0,3.9749145129323002,5,4,4,1,2,1,0.25,1,2,1,0.25,130,0.007692307692307693,0.28
459.tiff,canine soft tissue sarcoma,459,10.0,4.981334391236305,1,0,0,0,0,0,,0,0,0,,130,0.0,0.27
459.tiff,canine soft tissue sarcoma,459,12.0,5.987754269540309,0,0,0,0,0,0,,0,0,0,,130,0.0,0.28
459.tiff,canine soft tissue sarcoma,459,15.0,7.497384086996316,0,0,0,0,0,0,,0,0,0,,130,0.0,0.27
459.tiff,canine soft tissue sarcoma,459,18.0,9.007013904452323,0,0,0,0,0,0,,0,0,0,,130,0.0,0.27
459.tiff,canine soft tissue sarcoma,459,22.0,11.019853661060333,0,0,0,0,0,0,,0,0,0,,130,0.0,0.27
459.tiff,canine soft tissue sarcoma,459,26.0,13.03269341766834,0,0,0,0,0,0,,0,0,0,,130,0.0,0.26
460.tiff,canine soft tissue sarcoma,460,-1.5,-1.7766173590958116,22766,15339,20,11,4,5,0.55,35,40,15264,0.002281765434513332,35,1.0,0.84
460.tiff,canine soft tissue sarcoma,460,1.0,0.8827209495663642,14450,11380,20,11,4,5,0.55,35,40,11305,0.0030755711775043936,35,1.0,0.35
460.tiff,canine soft tissue sarcoma,460,2.0,1.9464562730312345,10274,8671,20,11,4,5,0.55,34,39,8598,0.003921116364894475,35,0.9714285714285714,0.31
460.tiff,canine soft tissue sarcoma,460,3.0,3.010191596496105,6494,5981,20,11,4,5,0.55,34,35,5912,0.005684668115699716,35,0.9714285714285714,0.29
460.tiff,canine soft tissue sarcoma,460,4.0,4.073926919960975,2510,2458,20,11,4,5,0.55,30,25,2403,0.012205044751830757,35,0.8571428571428571,0.25
460.tiff,canine soft tissue sarcoma,460,5.0,5.137662243425845,548,545,20,11,4,5,0.55,26,16,503,0.047706422018348627,35,0.7428571428571429,0.23
460.tiff,canine soft tissue sarcoma,460,6.0,6.201397566890716,91,90,20,11,4,5,0.55,18,8,64,0.2,35,0.5142857142857142,0.24
460.tiff,canine soft tissue sarcoma,460,8.0,8.328868213820456,4,3,3,3,0,0,1.0,3,0,0,1.0,35,0.08571428571428572,0.23
460.tiff,canine soft tissue sarcoma,460,10.0,10.456338860750197,1,0,0,0,0,0,,0,0,0,,35,0.0,0.23
460.tiff,canine soft tissue sarcoma,460,12.0,12.583809507679938,0,0,0,0,0,0,,0,0,0,,35,0.0,0.23
460.tiff,canine soft tissue sarcoma,460,15.0,15.775015478074549,0,0,0,0,0,0,,0,0,0,,35,0.0,0.23
460.tiff,canine soft tissue sarcoma,460,18.0,18.96622144846916,0,0,0,0,0,0,,0,0,0,,35,0.0,0.23
460.tiff,canine soft tissue sarcoma,460,22.0,23.22116274232864,0,0,0,0,0,0,,0,0,0,,35,0.0,0.23
460.tiff,canine soft tissue sarcoma,460,26.0,27.476104036188122,0,0,0,0,0,0,,0,0,0,,35,0.0,0.24
529.tiff,human melanoma,529,-1.5,-0.5443153392583132,31054,15862,20,4,4,12,0.2,19,25,15818,0.0011978312949186736,19,1.0,0.99
529.tiff,human melanoma,529,1.0,0.28892316868305207,18436,11512,20,4,4,12,0.2,19,24,11469,0.00165045170257123,19,1.0,0.4
529.tiff,human melanoma,529,2.0,0.6222185718595982,12795,8673,20,4,4,12,0.2,19,24,8630,0.0021907067911910525,19,1.0,0.36
529.tiff,human melanoma,529,3.0,0.9555139750361443,8561,6425,20,4,4,12,0.2,19,24,6382,0.0029571984435797665,19,1.0,0.32
529.tiff,human melanoma,529,4.0,1.2888093782126904,4939,4101,20,4,4,12,0.2,19,22,4060,0.004633016337478664,19,1.0,0.3
529.tiff,human melanoma,529,5.0,1.6221047813892364,2446,2106,20,4,4,12,0.2,19,20,2067,0.009021842355175688,19,1.0,0.28
529.tiff,human melanoma,529,6.0,1.9554001845657827,1169,1022,20,4,4,12,0.2,15,18,989,0.014677103718199608,19,0.7894736842105263,0.27
529.tiff,human melanoma,529,8.0,2.6219909909188748,342,317,20,4,4,12,0.2,14,8,295,0.04416403785488959,19,0.7368421052631579,0.27
529.tiff,human melanoma,529,10.0,3.288581797271967,58,56,20,4,4,12,0.2,7,5,44,0.125,19,0.3684210526315789,0.26
529.tiff,human melanoma,529,12.0,3.9551726036250594,7,6,6,2,2,2,0.3333333333333333,2,2,2,0.3333333333333333,19,0.10526315789473684,0.27
529.tiff,human melanoma,529,15.0,4.9550588131546975,0,0,0,0,0,0,,0,0,0,,19,0.0,0.31
529.tiff,human melanoma,529,18.0,5.954945022684336,0,0,0,0,0,0,,0,0,0,,19,0.0,0.3
529.tiff,human melanoma,529,22.0,7.28812663539052,0,0,0,0,0,0,,0,0,0,,19,0.0,0.31
529.tiff,human melanoma,529,26.0,8.621308248096705,0,0,0,0,0,0,,0,0,0,,19,0.0,0.29
548.tiff,human melanoma,548,-1.5,-0.975986766141653,40520,17413,20,12,4,4,0.6,238,117,17058,0.013667949233331419,238,1.0,1.63
548.tiff,human melanoma,548,1.0,0.5588390619039535,27375,14484,20,12,4,4,0.6,237,117,14130,0.01636288318144159,238,0.9957983193277311,0.53
548.tiff,human melanoma,548,2.0,1.172769393122196,16890,11103,20,12,4,4,0.6,236,117,10750,0.02125551652706476,238,0.9915966386554622,0.51
548.tiff,human melanoma,548,3.0,1.7866997243404388,8185,6639,20,12,4,4,0.6,235,113,6291,0.035396897123060704,238,0.9873949579831933,0.38
548.tiff,human melanoma,548,4.0,2.4006300555586813,3154,2865,20,12,4,4,0.6,233,99,2533,0.08132635253054102,238,0.9789915966386554,0.34
548.tiff,human melanoma,548,5.0,3.0145603867769237,1247,1169,20,12,4,4,0.6,220,80,869,0.1881950384944397,238,0.9243697478991597,0.31
548.tiff,human melanoma,548,6.0,3.6284907179951666,655,626,20,12,4,4,0.6,197,69,360,0.3146964856230032,238,0.8277310924369747,0.36
548.tiff,human melanoma,548,8.0,4.856351380431652,278,269,20,12,4,4,0.6,144,39,86,0.5353159851301115,238,0.6050420168067226,0.32
548.tiff,human melanoma,548,10.0,6.0842120428681365,102,100,20,12,4,4,0.6,66,16,18,0.66,238,0.2773109243697479,0.34
548.tiff,human melanoma,548,12.0,7.312072705304622,38,37,20,12,4,4,0.6,22,6,9,0.5945945945945946,238,0.09243697478991597,0.32
548.tiff,human melanoma,548,15.0,9.15386369895935,1,0,0,0,0,0,,0,0,0,,238,0.0,0.32
548.tiff,human melanoma,548,18.0,10.995654692614078,0,0,0,0,0,0,,0,0,0,,238,0.0,0.31
548.tiff,human melanoma,548,22.0,13.451376017487048,0,0,0,0,0,0,,0,0,0,,238,0.0,0.3
548.tiff,human melanoma,548,26.0,15.907097342360018,0,0,0,0,0,0,,0,0,0,,238,0.0,0.3
