file_name,tumor_type,image_id,seed_ann_id,base_size,map_median,mad_scale,mpp,arm,rank_key,seeded,z,z_dependent,floor_limited,n_gt_mitotic,n_gt_lookalike,n_detections,coverage_frac,n_lookalike_in_list,largest_tie_block,nan_rate,full_list_recall,match_radius_px,read_50,read_80,read_90,read_95,read_99,read_100,budget,budget_delivered,tp_at_budget,lookalike_at_budget,recall_at_budget,precision_at_budget
013.tiff,human breast cancer,13,254,31,-0.00496,0.11097,0.22632094805310524,tm_score,score,True,-1.5,True,False,17,15,17656,0.9619,15,2,0.0,1.0,33.139,94.0,437.0,723.0,825.0,825.0,825.0,10,10,4,1,0.23529411764705882,0.4
013.tiff,human breast cancer,13,254,31,-0.00496,0.11097,0.22632094805310524,tm_score,score,True,-1.5,True,False,17,15,17656,0.9619,15,2,0.0,1.0,33.139,94.0,437.0,723.0,825.0,825.0,825.0,20,20,5,2,0.29411764705882354,0.25
013.tiff,human breast cancer,13,254,31,-0.00496,0.11097,0.22632094805310524,tm_score,score,True,-1.5,True,False,17,15,17656,0.9619,15,2,0.0,1.0,33.139,94.0,437.0,723.0,825.0,825.0,825.0,30,30,6,3,0.35294117647058826,0.2
013.tiff,human breast cancer,13,254,31,-0.00496,0.11097,0.22632094805310524,tm_score,score,True,-1.5,True,False,17,15,17656,0.9619,15,2,0.0,1.0,33.139,94.0,437.0,723.0,825.0,825.0,825.0,50,50,6,4,0.35294117647058826,0.12
013.tiff,human breast cancer,13,254,31,-0.00496,0.11097,0.22632094805310524,chromatin_od,od51,True,-1.5,True,False,17,15,17656,0.9619,15,2,0.0,1.0,33.139,20.0,65.0,112.0,172.0,172.0,172.0,10,10,5,2,0.29411764705882354,0.5
013.tiff,human breast cancer,13,254,31,-0.00496,0.11097,0.22632094805310524,chromatin_od,od51,True,-1.5,True,False,17,15,17656,0.9619,15,2,0.0,1.0,33.139,20.0,65.0,112.0,172.0,172.0,172.0,20,20,9,3,0.5294117647058824,0.45
013.tiff,human breast cancer,13,254,31,-0.00496,0.11097,0.22632094805310524,chromatin_od,od51,True,-1.5,True,False,17,15,17656,0.9619,15,2,0.0,1.0,33.139,20.0,65.0,112.0,172.0,172.0,172.0,30,30,12,4,0.7058823529411765,0.4
013.tiff,human breast cancer,13,254,31,-0.00496,0.11097,0.22632094805310524,chromatin_od,od51,True,-1.5,True,False,17,15,17656,0.9619,15,2,0.0,1.0,33.139,20.0,65.0,112.0,172.0,172.0,172.0,50,50,13,6,0.7647058823529411,0.26
013.tiff,human breast cancer,13,254,31,-0.00496,0.11097,0.22632094805310524,od31,od31,True,-1.5,True,False,17,15,17656,0.9619,15,2,0.0,1.0,33.139,26.0,52.0,108.0,118.0,118.0,118.0,10,10,5,1,0.29411764705882354,0.5
013.tiff,human breast cancer,13,254,31,-0.00496,0.11097,0.22632094805310524,od31,od31,True,-1.5,True,False,17,15,17656,0.9619,15,2,0.0,1.0,33.139,26.0,52.0,108.0,118.0,118.0,118.0,20,20,7,3,0.4117647058823529,0.35
013.tiff,human breast cancer,13,254,31,-0.00496,0.11097,0.22632094805310524,od31,od31,True,-1.5,True,False,17,15,17656,0.9619,15,2,0.0,1.0,33.139,26.0,52.0,108.0,118.0,118.0,118.0,30,30,11,3,0.6470588235294118,0.36666666666666664
013.tiff,human breast cancer,13,254,31,-0.00496,0.11097,0.22632094805310524,od31,od31,True,-1.5,True,False,17,15,17656,0.9619,15,2,0.0,1.0,33.139,26.0,52.0,108.0,118.0,118.0,118.0,50,50,13,5,0.7647058823529411,0.26
013.tiff,human breast cancer,13,254,31,-0.00496,0.11097,0.22632094805310524,od_falloff,od_falloff,True,-1.5,True,False,17,15,17656,0.9619,15,2,0.0,1.0,33.139,79.0,279.0,325.0,939.0,939.0,939.0,10,10,1,0,0.058823529411764705,0.1
013.tiff,human breast cancer,13,254,31,-0.00496,0.11097,0.22632094805310524,od_falloff,od_falloff,True,-1.5,True,False,17,15,17656,0.9619,15,2,0.0,1.0,33.139,79.0,279.0,325.0,939.0,939.0,939.0,20,20,3,0,0.17647058823529413,0.15
013.tiff,human breast cancer,13,254,31,-0.00496,0.11097,0.22632094805310524,od_falloff,od_falloff,True,-1.5,True,False,17,15,17656,0.9619,15,2,0.0,1.0,33.139,79.0,279.0,325.0,939.0,939.0,939.0,30,30,4,1,0.23529411764705882,0.13333333333333333
013.tiff,human breast cancer,13,254,31,-0.00496,0.11097,0.22632094805310524,od_falloff,od_falloff,True,-1.5,True,False,17,15,17656,0.9619,15,2,0.0,1.0,33.139,79.0,279.0,325.0,939.0,939.0,939.0,50,50,7,3,0.4117647058823529,0.14
013.tiff,human breast cancer,13,254,31,-0.00496,0.11097,0.22632094805310524,mask_od_mean,mask_od_mean,True,-1.5,True,False,17,15,17656,0.9619,15,2,0.0,1.0,33.139,41.0,104.0,255.0,258.0,258.0,258.0,10,10,4,1,0.23529411764705882,0.4
013.tiff,human breast cancer,13,254,31,-0.00496,0.11097,0.22632094805310524,mask_od_mean,mask_od_mean,True,-1.5,True,False,17,15,17656,0.9619,15,2,0.0,1.0,33.139,41.0,104.0,255.0,258.0,258.0,258.0,20,20,6,1,0.35294117647058826,0.3
013.tiff,human breast cancer,13,254,31,-0.00496,0.11097,0.22632094805310524,mask_od_mean,mask_od_mean,True,-1.5,True,False,17,15,17656,0.9619,15,2,0.0,1.0,33.139,41.0,104.0,255.0,258.0,258.0,258.0,30,30,6,3,0.35294117647058826,0.2
013.tiff,human breast cancer,13,254,31,-0.00496,0.11097,0.22632094805310524,mask_od_mean,mask_od_mean,True,-1.5,True,False,17,15,17656,0.9619,15,2,0.0,1.0,33.139,41.0,104.0,255.0,258.0,258.0,258.0,50,50,10,4,0.5882352941176471,0.2
013.tiff,human breast cancer,13,254,31,-0.00496,0.11097,0.22632094805310524,od_contrast,od_contrast,True,-1.5,True,False,17,15,17656,0.9619,15,2,0.0,1.0,33.139,24.0,76.0,136.0,181.0,181.0,181.0,10,10,4,2,0.23529411764705882,0.4
013.tiff,human breast cancer,13,254,31,-0.00496,0.11097,0.22632094805310524,od_contrast,od_contrast,True,-1.5,True,False,17,15,17656,0.9619,15,2,0.0,1.0,33.139,24.0,76.0,136.0,181.0,181.0,181.0,20,20,7,2,0.4117647058823529,0.35
013.tiff,human breast cancer,13,254,31,-0.00496,0.11097,0.22632094805310524,od_contrast,od_contrast,True,-1.5,True,False,17,15,17656,0.9619,15,2,0.0,1.0,33.139,24.0,76.0,136.0,181.0,181.0,181.0,30,30,10,2,0.5882352941176471,0.3333333333333333
013.tiff,human breast cancer,13,254,31,-0.00496,0.11097,0.22632094805310524,od_contrast,od_contrast,True,-1.5,True,False,17,15,17656,0.9619,15,2,0.0,1.0,33.139,24.0,76.0,136.0,181.0,181.0,181.0,50,50,13,4,0.7647058823529411,0.26
094.tiff,human breast cancer,94,2512,25,-0.00341,0.04558,0.22984761284250915,tm_score,score,True,-1.5,True,False,81,102,18628,0.9748,102,2,0.0,1.0,32.63,226.0,843.0,1223.0,1431.0,2645.0,2645.0,10,10,4,5,0.04938271604938271,0.4
094.tiff,human breast cancer,94,2512,25,-0.00341,0.04558,0.22984761284250915,tm_score,score,True,-1.5,True,False,81,102,18628,0.9748,102,2,0.0,1.0,32.63,226.0,843.0,1223.0,1431.0,2645.0,2645.0,20,20,10,7,0.12345679012345678,0.5
094.tiff,human breast cancer,94,2512,25,-0.00341,0.04558,0.22984761284250915,tm_score,score,True,-1.5,True,False,81,102,18628,0.9748,102,2,0.0,1.0,32.63,226.0,843.0,1223.0,1431.0,2645.0,2645.0,30,30,16,9,0.19753086419753085,0.5333333333333333
094.tiff,human breast cancer,94,2512,25,-0.00341,0.04558,0.22984761284250915,tm_score,score,True,-1.5,True,False,81,102,18628,0.9748,102,2,0.0,1.0,32.63,226.0,843.0,1223.0,1431.0,2645.0,2645.0,50,50,22,13,0.2716049382716049,0.44
094.tiff,human breast cancer,94,2512,25,-0.00341,0.04558,0.22984761284250915,chromatin_od,od51,True,-1.5,True,False,81,102,18628,0.9748,102,2,0.0,1.0,32.63,75.0,402.0,627.0,881.0,5358.0,5358.0,10,10,5,5,0.06172839506172839,0.5
094.tiff,human breast cancer,94,2512,25,-0.00341,0.04558,0.22984761284250915,chromatin_od,od51,True,-1.5,True,False,81,102,18628,0.9748,102,2,0.0,1.0,32.63,75.0,402.0,627.0,881.0,5358.0,5358.0,20,20,15,5,0.18518518518518517,0.75
094.tiff,human breast cancer,94,2512,25,-0.00341,0.04558,0.22984761284250915,chromatin_od,od51,True,-1.5,True,False,81,102,18628,0.9748,102,2,0.0,1.0,32.63,75.0,402.0,627.0,881.0,5358.0,5358.0,30,30,20,9,0.24691358024691357,0.6666666666666666
094.tiff,human breast cancer,94,2512,25,-0.00341,0.04558,0.22984761284250915,chromatin_od,od51,True,-1.5,True,False,81,102,18628,0.9748,102,2,0.0,1.0,32.63,75.0,402.0,627.0,881.0,5358.0,5358.0,50,50,32,15,0.3950617283950617,0.64
094.tiff,human breast cancer,94,2512,25,-0.00341,0.04558,0.22984761284250915,od31,od31,True,-1.5,True,False,81,102,18628,0.9748,102,2,0.0,1.0,32.63,66.0,240.0,692.0,1092.0,2658.0,2658.0,10,10,5,5,0.06172839506172839,0.5
094.tiff,human breast cancer,94,2512,25,-0.00341,0.04558,0.22984761284250915,od31,od31,True,-1.5,True,False,81,102,18628,0.9748,102,2,0.0,1.0,32.63,66.0,240.0,692.0,1092.0,2658.0,2658.0,20,20,12,7,0.14814814814814814,0.6
094.tiff,human breast cancer,94,2512,25,-0.00341,0.04558,0.22984761284250915,od31,od31,True,-1.5,True,False,81,102,18628,0.9748,102,2,0.0,1.0,32.63,66.0,240.0,692.0,1092.0,2658.0,2658.0,30,30,20,9,0.24691358024691357,0.6666666666666666
094.tiff,human breast cancer,94,2512,25,-0.00341,0.04558,0.22984761284250915,od31,od31,True,-1.5,True,False,81,102,18628,0.9748,102,2,0.0,1.0,32.63,66.0,240.0,692.0,1092.0,2658.0,2658.0,50,50,33,15,0.4074074074074074,0.66
094.tiff,human breast cancer,94,2512,25,-0.00341,0.04558,0.22984761284250915,od_falloff,od_falloff,True,-1.5,True,False,81,102,18628,0.9748,102,2,0.0,1.0,32.63,101.0,311.0,670.0,1170.0,3105.0,3105.0,10,10,5,3,0.06172839506172839,0.5
094.tiff,human breast cancer,94,2512,25,-0.00341,0.04558,0.22984761284250915,od_falloff,od_falloff,True,-1.5,True,False,81,102,18628,0.9748,102,2,0.0,1.0,32.63,101.0,311.0,670.0,1170.0,3105.0,3105.0,20,20,10,7,0.12345679012345678,0.5
094.tiff,human breast cancer,94,2512,25,-0.00341,0.04558,0.22984761284250915,od_falloff,od_falloff,True,-1.5,True,False,81,102,18628,0.9748,102,2,0.0,1.0,32.63,101.0,311.0,670.0,1170.0,3105.0,3105.0,30,30,13,12,0.16049382716049382,0.43333333333333335
094.tiff,human breast cancer,94,2512,25,-0.00341,0.04558,0.22984761284250915,od_falloff,od_falloff,True,-1.5,True,False,81,102,18628,0.9748,102,2,0.0,1.0,32.63,101.0,311.0,670.0,1170.0,3105.0,3105.0,50,50,21,17,0.25925925925925924,0.42
094.tiff,human breast cancer,94,2512,25,-0.00341,0.04558,0.22984761284250915,mask_od_mean,mask_od_mean,True,-1.5,True,False,81,102,18628,0.9748,102,2,0.0,1.0,32.63,88.0,460.0,869.0,1195.0,2410.0,2410.0,10,10,3,4,0.037037037037037035,0.3
094.tiff,human breast cancer,94,2512,25,-0.00341,0.04558,0.22984761284250915,mask_od_mean,mask_od_mean,True,-1.5,True,False,81,102,18628,0.9748,102,2,0.0,1.0,32.63,88.0,460.0,869.0,1195.0,2410.0,2410.0,20,20,8,5,0.09876543209876543,0.4
094.tiff,human breast cancer,94,2512,25,-0.00341,0.04558,0.22984761284250915,mask_od_mean,mask_od_mean,True,-1.5,True,False,81,102,18628,0.9748,102,2,0.0,1.0,32.63,88.0,460.0,869.0,1195.0,2410.0,2410.0,30,30,14,6,0.1728395061728395,0.4666666666666667
094.tiff,human breast cancer,94,2512,25,-0.00341,0.04558,0.22984761284250915,mask_od_mean,mask_od_mean,True,-1.5,True,False,81,102,18628,0.9748,102,2,0.0,1.0,32.63,88.0,460.0,869.0,1195.0,2410.0,2410.0,50,50,22,13,0.2716049382716049,0.44
094.tiff,human breast cancer,94,2512,25,-0.00341,0.04558,0.22984761284250915,od_contrast,od_contrast,True,-1.5,True,False,81,102,18628,0.9748,102,2,0.0,1.0,32.63,87.0,442.0,755.0,968.0,5859.0,5859.0,10,10,5,5,0.06172839506172839,0.5
094.tiff,human breast cancer,94,2512,25,-0.00341,0.04558,0.22984761284250915,od_contrast,od_contrast,True,-1.5,True,False,81,102,18628,0.9748,102,2,0.0,1.0,32.63,87.0,442.0,755.0,968.0,5859.0,5859.0,20,20,15,5,0.18518518518518517,0.75
094.tiff,human breast cancer,94,2512,25,-0.00341,0.04558,0.22984761284250915,od_contrast,od_contrast,True,-1.5,True,False,81,102,18628,0.9748,102,2,0.0,1.0,32.63,87.0,442.0,755.0,968.0,5859.0,5859.0,30,30,22,8,0.2716049382716049,0.7333333333333333
094.tiff,human breast cancer,94,2512,25,-0.00341,0.04558,0.22984761284250915,od_contrast,od_contrast,True,-1.5,True,False,81,102,18628,0.9748,102,2,0.0,1.0,32.63,87.0,442.0,755.0,968.0,5859.0,5859.0,50,50,32,13,0.3950617283950617,0.64
201.tiff,canine lung cancer,201,4457,51,-0.02898,0.60896,0.24816562612969095,tm_score,score,True,-1.5,True,False,17,49,15779,0.9372,49,2,0.0,1.0,30.222,44.0,215.0,261.0,726.0,726.0,726.0,10,10,3,1,0.17647058823529413,0.3
201.tiff,canine lung cancer,201,4457,51,-0.02898,0.60896,0.24816562612969095,tm_score,score,True,-1.5,True,False,17,49,15779,0.9372,49,2,0.0,1.0,30.222,44.0,215.0,261.0,726.0,726.0,726.0,20,20,6,1,0.35294117647058826,0.3
201.tiff,canine lung cancer,201,4457,51,-0.02898,0.60896,0.24816562612969095,tm_score,score,True,-1.5,True,False,17,49,15779,0.9372,49,2,0.0,1.0,30.222,44.0,215.0,261.0,726.0,726.0,726.0,30,30,6,3,0.35294117647058826,0.2
201.tiff,canine lung cancer,201,4457,51,-0.02898,0.60896,0.24816562612969095,tm_score,score,True,-1.5,True,False,17,49,15779,0.9372,49,2,0.0,1.0,30.222,44.0,215.0,261.0,726.0,726.0,726.0,50,50,11,6,0.6470588235294118,0.22
201.tiff,canine lung cancer,201,4457,51,-0.02898,0.60896,0.24816562612969095,chromatin_od,od51,True,-1.5,True,False,17,49,15779,0.9372,49,2,0.0,1.0,30.222,26.0,97.0,142.0,662.0,662.0,662.0,10,10,3,1,0.17647058823529413,0.3
201.tiff,canine lung cancer,201,4457,51,-0.02898,0.60896,0.24816562612969095,chromatin_od,od51,True,-1.5,True,False,17,49,15779,0.9372,49,2,0.0,1.0,30.222,26.0,97.0,142.0,662.0,662.0,662.0,20,20,6,3,0.35294117647058826,0.3
201.tiff,canine lung cancer,201,4457,51,-0.02898,0.60896,0.24816562612969095,chromatin_od,od51,True,-1.5,True,False,17,49,15779,0.9372,49,2,0.0,1.0,30.222,26.0,97.0,142.0,662.0,662.0,662.0,30,30,9,7,0.5294117647058824,0.3
201.tiff,canine lung cancer,201,4457,51,-0.02898,0.60896,0.24816562612969095,chromatin_od,od51,True,-1.5,True,False,17,49,15779,0.9372,49,2,0.0,1.0,30.222,26.0,97.0,142.0,662.0,662.0,662.0,50,50,10,11,0.5882352941176471,0.2
201.tiff,canine lung cancer,201,4457,51,-0.02898,0.60896,0.24816562612969095,od31,od31,True,-1.5,True,False,17,49,15779,0.9372,49,2,0.0,1.0,30.222,49.0,116.0,213.0,1279.0,1279.0,1279.0,10,10,4,1,0.23529411764705882,0.4
201.tiff,canine lung cancer,201,4457,51,-0.02898,0.60896,0.24816562612969095,od31,od31,True,-1.5,True,False,17,49,15779,0.9372,49,2,0.0,1.0,30.222,49.0,116.0,213.0,1279.0,1279.0,1279.0,20,20,7,1,0.4117647058823529,0.35
201.tiff,canine lung cancer,201,4457,51,-0.02898,0.60896,0.24816562612969095,od31,od31,True,-1.5,True,False,17,49,15779,0.9372,49,2,0.0,1.0,30.222,49.0,116.0,213.0,1279.0,1279.0,1279.0,30,30,7,5,0.4117647058823529,0.23333333333333334
201.tiff,canine lung cancer,201,4457,51,-0.02898,0.60896,0.24816562612969095,od31,od31,True,-1.5,True,False,17,49,15779,0.9372,49,2,0.0,1.0,30.222,49.0,116.0,213.0,1279.0,1279.0,1279.0,50,50,9,12,0.5294117647058824,0.18
201.tiff,canine lung cancer,201,4457,51,-0.02898,0.60896,0.24816562612969095,od_falloff,od_falloff,True,-1.5,True,False,17,49,15779,0.9372,49,2,0.0,1.0,30.222,92.0,606.0,1783.0,2110.0,2110.0,2110.0,10,10,3,1,0.17647058823529413,0.3
201.tiff,canine lung cancer,201,4457,51,-0.02898,0.60896,0.24816562612969095,od_falloff,od_falloff,True,-1.5,True,False,17,49,15779,0.9372,49,2,0.0,1.0,30.222,92.0,606.0,1783.0,2110.0,2110.0,2110.0,20,20,3,3,0.17647058823529413,0.15
201.tiff,canine lung cancer,201,4457,51,-0.02898,0.60896,0.24816562612969095,od_falloff,od_falloff,True,-1.5,True,False,17,49,15779,0.9372,49,2,0.0,1.0,30.222,92.0,606.0,1783.0,2110.0,2110.0,2110.0,30,30,4,4,0.23529411764705882,0.13333333333333333
201.tiff,canine lung cancer,201,4457,51,-0.02898,0.60896,0.24816562612969095,od_falloff,od_falloff,True,-1.5,True,False,17,49,15779,0.9372,49,2,0.0,1.0,30.222,92.0,606.0,1783.0,2110.0,2110.0,2110.0,50,50,6,6,0.35294117647058826,0.12
201.tiff,canine lung cancer,201,4457,51,-0.02898,0.60896,0.24816562612969095,mask_od_mean,mask_od_mean,True,-1.5,True,False,17,49,15779,0.9372,49,2,0.0,1.0,30.222,62.0,89.0,116.0,382.0,382.0,382.0,10,10,4,2,0.23529411764705882,0.4
201.tiff,canine lung cancer,201,4457,51,-0.02898,0.60896,0.24816562612969095,mask_od_mean,mask_od_mean,True,-1.5,True,False,17,49,15779,0.9372,49,2,0.0,1.0,30.222,62.0,89.0,116.0,382.0,382.0,382.0,20,20,4,5,0.23529411764705882,0.2
201.tiff,canine lung cancer,201,4457,51,-0.02898,0.60896,0.24816562612969095,mask_od_mean,mask_od_mean,True,-1.5,True,False,17,49,15779,0.9372,49,2,0.0,1.0,30.222,62.0,89.0,116.0,382.0,382.0,382.0,30,30,6,6,0.35294117647058826,0.2
201.tiff,canine lung cancer,201,4457,51,-0.02898,0.60896,0.24816562612969095,mask_od_mean,mask_od_mean,True,-1.5,True,False,17,49,15779,0.9372,49,2,0.0,1.0,30.222,62.0,89.0,116.0,382.0,382.0,382.0,50,50,8,10,0.47058823529411764,0.16
201.tiff,canine lung cancer,201,4457,51,-0.02898,0.60896,0.24816562612969095,od_contrast,od_contrast,True,-1.5,True,False,17,49,15779,0.9372,49,2,0.0,1.0,30.222,42.0,93.0,120.0,353.0,353.0,353.0,10,10,4,1,0.23529411764705882,0.4
201.tiff,canine lung cancer,201,4457,51,-0.02898,0.60896,0.24816562612969095,od_contrast,od_contrast,True,-1.5,True,False,17,49,15779,0.9372,49,2,0.0,1.0,30.222,42.0,93.0,120.0,353.0,353.0,353.0,20,20,7,3,0.4117647058823529,0.35
201.tiff,canine lung cancer,201,4457,51,-0.02898,0.60896,0.24816562612969095,od_contrast,od_contrast,True,-1.5,True,False,17,49,15779,0.9372,49,2,0.0,1.0,30.222,42.0,93.0,120.0,353.0,353.0,353.0,30,30,8,5,0.47058823529411764,0.26666666666666666
201.tiff,canine lung cancer,201,4457,51,-0.02898,0.60896,0.24816562612969095,od_contrast,od_contrast,True,-1.5,True,False,17,49,15779,0.9372,49,2,0.0,1.0,30.222,42.0,93.0,120.0,353.0,353.0,353.0,50,50,9,10,0.5294117647058824,0.18
233.tiff,canine lung cancer,233,5761,25,-0.01285,0.16917,0.24816562612969095,tm_score,score,True,-1.5,True,False,17,23,17256,0.9571,22,2,0.0,1.0,30.222,46.0,383.0,753.0,1666.0,1666.0,1666.0,10,10,3,1,0.17647058823529413,0.3
233.tiff,canine lung cancer,233,5761,25,-0.01285,0.16917,0.24816562612969095,tm_score,score,True,-1.5,True,False,17,23,17256,0.9571,22,2,0.0,1.0,30.222,46.0,383.0,753.0,1666.0,1666.0,1666.0,20,20,6,2,0.35294117647058826,0.3
233.tiff,canine lung cancer,233,5761,25,-0.01285,0.16917,0.24816562612969095,tm_score,score,True,-1.5,True,False,17,23,17256,0.9571,22,2,0.0,1.0,30.222,46.0,383.0,753.0,1666.0,1666.0,1666.0,30,30,7,3,0.4117647058823529,0.23333333333333334
233.tiff,canine lung cancer,233,5761,25,-0.01285,0.16917,0.24816562612969095,tm_score,score,True,-1.5,True,False,17,23,17256,0.9571,22,2,0.0,1.0,30.222,46.0,383.0,753.0,1666.0,1666.0,1666.0,50,50,9,3,0.5294117647058824,0.18
233.tiff,canine lung cancer,233,5761,25,-0.01285,0.16917,0.24816562612969095,chromatin_od,od51,True,-1.5,True,False,17,23,17256,0.9571,22,2,0.0,1.0,30.222,18.0,207.0,1029.0,2521.0,2521.0,2521.0,10,10,5,0,0.29411764705882354,0.5
233.tiff,canine lung cancer,233,5761,25,-0.01285,0.16917,0.24816562612969095,chromatin_od,od51,True,-1.5,True,False,17,23,17256,0.9571,22,2,0.0,1.0,30.222,18.0,207.0,1029.0,2521.0,2521.0,2521.0,20,20,9,1,0.5294117647058824,0.45
233.tiff,canine lung cancer,233,5761,25,-0.01285,0.16917,0.24816562612969095,chromatin_od,od51,True,-1.5,True,False,17,23,17256,0.9571,22,2,0.0,1.0,30.222,18.0,207.0,1029.0,2521.0,2521.0,2521.0,30,30,10,2,0.5882352941176471,0.3333333333333333
233.tiff,canine lung cancer,233,5761,25,-0.01285,0.16917,0.24816562612969095,chromatin_od,od51,True,-1.5,True,False,17,23,17256,0.9571,22,2,0.0,1.0,30.222,18.0,207.0,1029.0,2521.0,2521.0,2521.0,50,50,10,2,0.5882352941176471,0.2
233.tiff,canine lung cancer,233,5761,25,-0.01285,0.16917,0.24816562612969095,od31,od31,True,-1.5,True,False,17,23,17256,0.9571,22,2,0.0,1.0,30.222,13.0,165.0,197.0,406.0,406.0,406.0,10,10,7,0,0.4117647058823529,0.7
233.tiff,canine lung cancer,233,5761,25,-0.01285,0.16917,0.24816562612969095,od31,od31,True,-1.5,True,False,17,23,17256,0.9571,22,2,0.0,1.0,30.222,13.0,165.0,197.0,406.0,406.0,406.0,20,20,10,0,0.5882352941176471,0.5
233.tiff,canine lung cancer,233,5761,25,-0.01285,0.16917,0.24816562612969095,od31,od31,True,-1.5,True,False,17,23,17256,0.9571,22,2,0.0,1.0,30.222,13.0,165.0,197.0,406.0,406.0,406.0,30,30,11,2,0.6470588235294118,0.36666666666666664
233.tiff,canine lung cancer,233,5761,25,-0.01285,0.16917,0.24816562612969095,od31,od31,True,-1.5,True,False,17,23,17256,0.9571,22,2,0.0,1.0,30.222,13.0,165.0,197.0,406.0,406.0,406.0,50,50,12,5,0.7058823529411765,0.24
233.tiff,canine lung cancer,233,5761,25,-0.01285,0.16917,0.24816562612969095,od_falloff,od_falloff,True,-1.5,True,False,17,23,17256,0.9571,22,2,0.0,1.0,30.222,50.0,212.0,379.0,582.0,582.0,582.0,10,10,2,0,0.11764705882352941,0.2
233.tiff,canine lung cancer,233,5761,25,-0.01285,0.16917,0.24816562612969095,od_falloff,od_falloff,True,-1.5,True,False,17,23,17256,0.9571,22,2,0.0,1.0,30.222,50.0,212.0,379.0,582.0,582.0,582.0,20,20,4,1,0.23529411764705882,0.2
233.tiff,canine lung cancer,233,5761,25,-0.01285,0.16917,0.24816562612969095,od_falloff,od_falloff,True,-1.5,True,False,17,23,17256,0.9571,22,2,0.0,1.0,30.222,50.0,212.0,379.0,582.0,582.0,582.0,30,30,7,2,0.4117647058823529,0.23333333333333334
233.tiff,canine lung cancer,233,5761,25,-0.01285,0.16917,0.24816562612969095,od_falloff,od_falloff,True,-1.5,True,False,17,23,17256,0.9571,22,2,0.0,1.0,30.222,50.0,212.0,379.0,582.0,582.0,582.0,50,50,9,4,0.5294117647058824,0.18
233.tiff,canine lung cancer,233,5761,25,-0.01285,0.16917,0.24816562612969095,mask_od_mean,mask_od_mean,True,-1.5,True,False,17,23,17256,0.9571,22,2,0.0,1.0,30.222,19.0,92.0,145.0,332.0,332.0,332.0,10,10,6,0,0.35294117647058826,0.6
233.tiff,canine lung cancer,233,5761,25,-0.01285,0.16917,0.24816562612969095,mask_od_mean,mask_od_mean,True,-1.5,True,False,17,23,17256,0.9571,22,2,0.0,1.0,30.222,19.0,92.0,145.0,332.0,332.0,332.0,20,20,10,1,0.5882352941176471,0.5
233.tiff,canine lung cancer,233,5761,25,-0.01285,0.16917,0.24816562612969095,mask_od_mean,mask_od_mean,True,-1.5,True,False,17,23,17256,0.9571,22,2,0.0,1.0,30.222,19.0,92.0,145.0,332.0,332.0,332.0,30,30,12,2,0.7058823529411765,0.4
233.tiff,canine lung cancer,233,5761,25,-0.01285,0.16917,0.24816562612969095,mask_od_mean,mask_od_mean,True,-1.5,True,False,17,23,17256,0.9571,22,2,0.0,1.0,30.222,19.0,92.0,145.0,332.0,332.0,332.0,50,50,12,4,0.7058823529411765,0.24
233.tiff,canine lung cancer,233,5761,25,-0.01285,0.16917,0.24816562612969095,od_contrast,od_contrast,True,-1.5,True,False,17,23,17256,0.9571,22,2,0.0,1.0,30.222,12.0,215.0,299.0,1297.0,1297.0,1297.0,10,10,7,1,0.4117647058823529,0.7
233.tiff,canine lung cancer,233,5761,25,-0.01285,0.16917,0.24816562612969095,od_contrast,od_contrast,True,-1.5,True,False,17,23,17256,0.9571,22,2,0.0,1.0,30.222,12.0,215.0,299.0,1297.0,1297.0,1297.0,20,20,9,1,0.5294117647058824,0.45
233.tiff,canine lung cancer,233,5761,25,-0.01285,0.16917,0.24816562612969095,od_contrast,od_contrast,True,-1.5,True,False,17,23,17256,0.9571,22,2,0.0,1.0,30.222,12.0,215.0,299.0,1297.0,1297.0,1297.0,30,30,10,2,0.5882352941176471,0.3333333333333333
233.tiff,canine lung cancer,233,5761,25,-0.01285,0.16917,0.24816562612969095,od_contrast,od_contrast,True,-1.5,True,False,17,23,17256,0.9571,22,2,0.0,1.0,30.222,12.0,215.0,299.0,1297.0,1297.0,1297.0,50,50,13,3,0.7647058823529411,0.26
245.tiff,canine lymphosarcoma,245,6274,47,-0.00692,0.21694,0.24816562612969095,tm_score,score,True,-1.5,True,False,89,70,17684,0.9663,69,2,0.0,1.0,30.222,2896.0,6321.0,9356.0,10557.0,15929.0,15929.0,10,10,1,1,0.011235955056179775,0.1
245.tiff,canine lymphosarcoma,245,6274,47,-0.00692,0.21694,0.24816562612969095,tm_score,score,True,-1.5,True,False,89,70,17684,0.9663,69,2,0.0,1.0,30.222,2896.0,6321.0,9356.0,10557.0,15929.0,15929.0,20,20,3,1,0.033707865168539325,0.15
245.tiff,canine lymphosarcoma,245,6274,47,-0.00692,0.21694,0.24816562612969095,tm_score,score,True,-1.5,True,False,89,70,17684,0.9663,69,2,0.0,1.0,30.222,2896.0,6321.0,9356.0,10557.0,15929.0,15929.0,30,30,3,1,0.033707865168539325,0.1
245.tiff,canine lymphosarcoma,245,6274,47,-0.00692,0.21694,0.24816562612969095,tm_score,score,True,-1.5,True,False,89,70,17684,0.9663,69,2,0.0,1.0,30.222,2896.0,6321.0,9356.0,10557.0,15929.0,15929.0,50,50,4,1,0.0449438202247191,0.08
245.tiff,canine lymphosarcoma,245,6274,47,-0.00692,0.21694,0.24816562612969095,chromatin_od,od51,True,-1.5,True,False,89,70,17684,0.9663,69,2,0.0,1.0,30.222,602.0,3072.0,5252.0,9363.0,12349.0,12349.0,10,10,1,1,0.011235955056179775,0.1
245.tiff,canine lymphosarcoma,245,6274,47,-0.00692,0.21694,0.24816562612969095,chromatin_od,od51,True,-1.5,True,False,89,70,17684,0.9663,69,2,0.0,1.0,30.222,602.0,3072.0,5252.0,9363.0,12349.0,12349.0,20,20,3,2,0.033707865168539325,0.15
245.tiff,canine lymphosarcoma,245,6274,47,-0.00692,0.21694,0.24816562612969095,chromatin_od,od51,True,-1.5,True,False,89,70,17684,0.9663,69,2,0.0,1.0,30.222,602.0,3072.0,5252.0,9363.0,12349.0,12349.0,30,30,6,2,0.06741573033707865,0.2
245.tiff,canine lymphosarcoma,245,6274,47,-0.00692,0.21694,0.24816562612969095,chromatin_od,od51,True,-1.5,True,False,89,70,17684,0.9663,69,2,0.0,1.0,30.222,602.0,3072.0,5252.0,9363.0,12349.0,12349.0,50,50,7,3,0.07865168539325842,0.14
245.tiff,canine lymphosarcoma,245,6274,47,-0.00692,0.21694,0.24816562612969095,od31,od31,True,-1.5,True,False,89,70,17684,0.9663,69,2,0.0,1.0,30.222,408.0,3129.0,5846.0,8156.0,14236.0,14236.0,10,10,0,1,0.0,0.0
245.tiff,canine lymphosarcoma,245,6274,47,-0.00692,0.21694,0.24816562612969095,od31,od31,True,-1.5,True,False,89,70,17684,0.9663,69,2,0.0,1.0,30.222,408.0,3129.0,5846.0,8156.0,14236.0,14236.0,20,20,1,2,0.011235955056179775,0.05
245.tiff,canine lymphosarcoma,245,6274,47,-0.00692,0.21694,0.24816562612969095,od31,od31,True,-1.5,True,False,89,70,17684,0.9663,69,2,0.0,1.0,30.222,408.0,3129.0,5846.0,8156.0,14236.0,14236.0,30,30,4,3,0.0449438202247191,0.13333333333333333
245.tiff,canine lymphosarcoma,245,6274,47,-0.00692,0.21694,0.24816562612969095,od31,od31,True,-1.5,True,False,89,70,17684,0.9663,69,2,0.0,1.0,30.222,408.0,3129.0,5846.0,8156.0,14236.0,14236.0,50,50,10,6,0.11235955056179775,0.2
245.tiff,canine lymphosarcoma,245,6274,47,-0.00692,0.21694,0.24816562612969095,od_falloff,od_falloff,True,-1.5,True,False,89,70,17684,0.9663,69,2,0.0,1.0,30.222,444.0,4087.0,7912.0,10927.0,17313.0,17313.0,10,10,0,0,0.0,0.0
245.tiff,canine lymphosarcoma,245,6274,47,-0.00692,0.21694,0.24816562612969095,od_falloff,od_falloff,True,-1.5,True,False,89,70,17684,0.9663,69,2,0.0,1.0,30.222,444.0,4087.0,7912.0,10927.0,17313.0,17313.0,20,20,1,2,0.011235955056179775,0.05
245.tiff,canine lymphosarcoma,245,6274,47,-0.00692,0.21694,0.24816562612969095,od_falloff,od_falloff,True,-1.5,True,False,89,70,17684,0.9663,69,2,0.0,1.0,30.222,444.0,4087.0,7912.0,10927.0,17313.0,17313.0,30,30,3,3,0.033707865168539325,0.1
245.tiff,canine lymphosarcoma,245,6274,47,-0.00692,0.21694,0.24816562612969095,od_falloff,od_falloff,True,-1.5,True,False,89,70,17684,0.9663,69,2,0.0,1.0,30.222,444.0,4087.0,7912.0,10927.0,17313.0,17313.0,50,50,8,6,0.0898876404494382,0.16
245.tiff,canine lymphosarcoma,245,6274,47,-0.00692,0.21694,0.24816562612969095,mask_od_mean,mask_od_mean,True,-1.5,True,False,89,70,17684,0.9663,69,2,0.0,1.0,30.222,1240.0,4375.0,8339.0,9865.0,11962.0,11962.0,10,10,1,0,0.011235955056179775,0.1
245.tiff,canine lymphosarcoma,245,6274,47,-0.00692,0.21694,0.24816562612969095,mask_od_mean,mask_od_mean,True,-1.5,True,False,89,70,17684,0.9663,69,2,0.0,1.0,30.222,1240.0,4375.0,8339.0,9865.0,11962.0,11962.0,20,20,3,0,0.033707865168539325,0.15
245.tiff,canine lymphosarcoma,245,6274,47,-0.00692,0.21694,0.24816562612969095,mask_od_mean,mask_od_mean,True,-1.5,True,False,89,70,17684,0.9663,69,2,0.0,1.0,30.222,1240.0,4375.0,8339.0,9865.0,11962.0,11962.0,30,30,5,0,0.056179775280898875,0.16666666666666666
245.tiff,canine lymphosarcoma,245,6274,47,-0.00692,0.21694,0.24816562612969095,mask_od_mean,mask_od_mean,True,-1.5,True,False,89,70,17684,0.9663,69,2,0.0,1.0,30.222,1240.0,4375.0,8339.0,9865.0,11962.0,11962.0,50,50,12,1,0.1348314606741573,0.24
245.tiff,canine lymphosarcoma,245,6274,47,-0.00692,0.21694,0.24816562612969095,od_contrast,od_contrast,True,-1.5,True,False,89,70,17684,0.9663,69,2,0.0,1.0,30.222,530.0,2177.0,3853.0,5717.0,8926.0,8926.0,10,10,1,0,0.011235955056179775,0.1
245.tiff,canine lymphosarcoma,245,6274,47,-0.00692,0.21694,0.24816562612969095,od_contrast,od_contrast,True,-1.5,True,False,89,70,17684,0.9663,69,2,0.0,1.0,30.222,530.0,2177.0,3853.0,5717.0,8926.0,8926.0,20,20,3,0,0.033707865168539325,0.15
245.tiff,canine lymphosarcoma,245,6274,47,-0.00692,0.21694,0.24816562612969095,od_contrast,od_contrast,True,-1.5,True,False,89,70,17684,0.9663,69,2,0.0,1.0,30.222,530.0,2177.0,3853.0,5717.0,8926.0,8926.0,30,30,3,0,0.033707865168539325,0.1
245.tiff,canine lymphosarcoma,245,6274,47,-0.00692,0.21694,0.24816562612969095,od_contrast,od_contrast,True,-1.5,True,False,89,70,17684,0.9663,69,2,0.0,1.0,30.222,530.0,2177.0,3853.0,5717.0,8926.0,8926.0,50,50,4,2,0.0449438202247191,0.08
246.tiff,canine lymphosarcoma,246,6548,41,-0.00539,0.16638,0.24816562612969095,tm_score,score,True,-1.5,True,False,115,123,18013,0.9646,123,2,0.0,1.0,30.222,145.0,564.0,1389.0,3196.0,5682.0,7211.0,10,10,10,0,0.08695652173913043,1.0
246.tiff,canine lymphosarcoma,246,6548,41,-0.00539,0.16638,0.24816562612969095,tm_score,score,True,-1.5,True,False,115,123,18013,0.9646,123,2,0.0,1.0,30.222,145.0,564.0,1389.0,3196.0,5682.0,7211.0,20,20,18,1,0.1565217391304348,0.9
246.tiff,canine lymphosarcoma,246,6548,41,-0.00539,0.16638,0.24816562612969095,tm_score,score,True,-1.5,True,False,115,123,18013,0.9646,123,2,0.0,1.0,30.222,145.0,564.0,1389.0,3196.0,5682.0,7211.0,30,30,24,3,0.20869565217391303,0.8
246.tiff,canine lymphosarcoma,246,6548,41,-0.00539,0.16638,0.24816562612969095,tm_score,score,True,-1.5,True,False,115,123,18013,0.9646,123,2,0.0,1.0,30.222,145.0,564.0,1389.0,3196.0,5682.0,7211.0,50,50,31,6,0.26956521739130435,0.62
246.tiff,canine lymphosarcoma,246,6548,41,-0.00539,0.16638,0.24816562612969095,chromatin_od,od51,True,-1.5,True,False,115,123,18013,0.9646,123,2,0.0,1.0,30.222,127.0,629.0,1185.0,2114.0,5400.0,6808.0,10,10,10,0,0.08695652173913043,1.0
246.tiff,canine lymphosarcoma,246,6548,41,-0.00539,0.16638,0.24816562612969095,chromatin_od,od51,True,-1.5,True,False,115,123,18013,0.9646,123,2,0.0,1.0,30.222,127.0,629.0,1185.0,2114.0,5400.0,6808.0,20,20,19,0,0.16521739130434782,0.95
246.tiff,canine lymphosarcoma,246,6548,41,-0.00539,0.16638,0.24816562612969095,chromatin_od,od51,True,-1.5,True,False,115,123,18013,0.9646,123,2,0.0,1.0,30.222,127.0,629.0,1185.0,2114.0,5400.0,6808.0,30,30,22,1,0.19130434782608696,0.7333333333333333
246.tiff,canine lymphosarcoma,246,6548,41,-0.00539,0.16638,0.24816562612969095,chromatin_od,od51,True,-1.5,True,False,115,123,18013,0.9646,123,2,0.0,1.0,30.222,127.0,629.0,1185.0,2114.0,5400.0,6808.0,50,50,32,5,0.2782608695652174,0.64
246.tiff,canine lymphosarcoma,246,6548,41,-0.00539,0.16638,0.24816562612969095,od31,od31,True,-1.5,True,False,115,123,18013,0.9646,123,2,0.0,1.0,30.222,126.0,372.0,694.0,871.0,2383.0,2553.0,10,10,9,0,0.0782608695652174,0.9
246.tiff,canine lymphosarcoma,246,6548,41,-0.00539,0.16638,0.24816562612969095,od31,od31,True,-1.5,True,False,115,123,18013,0.9646,123,2,0.0,1.0,30.222,126.0,372.0,694.0,871.0,2383.0,2553.0,20,20,17,1,0.14782608695652175,0.85
246.tiff,canine lymphosarcoma,246,6548,41,-0.00539,0.16638,0.24816562612969095,od31,od31,True,-1.5,True,False,115,123,18013,0.9646,123,2,0.0,1.0,30.222,126.0,372.0,694.0,871.0,2383.0,2553.0,30,30,24,2,0.20869565217391303,0.8
246.tiff,canine lymphosarcoma,246,6548,41,-0.00539,0.16638,0.24816562612969095,od31,od31,True,-1.5,True,False,115,123,18013,0.9646,123,2,0.0,1.0,30.222,126.0,372.0,694.0,871.0,2383.0,2553.0,50,50,34,6,0.2956521739130435,0.68
246.tiff,canine lymphosarcoma,246,6548,41,-0.00539,0.16638,0.24816562612969095,od_falloff,od_falloff,True,-1.5,True,False,115,123,18013,0.9646,123,2,0.0,1.0,30.222,140.0,402.0,620.0,833.0,2199.0,3284.0,10,10,7,2,0.06086956521739131,0.7
246.tiff,canine lymphosarcoma,246,6548,41,-0.00539,0.16638,0.24816562612969095,od_falloff,od_falloff,True,-1.5,True,False,115,123,18013,0.9646,123,2,0.0,1.0,30.222,140.0,402.0,620.0,833.0,2199.0,3284.0,20,20,15,2,0.13043478260869565,0.75
246.tiff,canine lymphosarcoma,246,6548,41,-0.00539,0.16638,0.24816562612969095,od_falloff,od_falloff,True,-1.5,True,False,115,123,18013,0.9646,123,2,0.0,1.0,30.222,140.0,402.0,620.0,833.0,2199.0,3284.0,30,30,22,2,0.19130434782608696,0.7333333333333333
246.tiff,canine lymphosarcoma,246,6548,41,-0.00539,0.16638,0.24816562612969095,od_falloff,od_falloff,True,-1.5,True,False,115,123,18013,0.9646,123,2,0.0,1.0,30.222,140.0,402.0,620.0,833.0,2199.0,3284.0,50,50,31,7,0.26956521739130435,0.62
246.tiff,canine lymphosarcoma,246,6548,41,-0.00539,0.16638,0.24816562612969095,mask_od_mean,mask_od_mean,True,-1.5,True,False,115,123,18013,0.9646,123,2,0.0,1.0,30.222,140.0,338.0,500.0,2345.0,6894.0,7536.0,10,10,2,0,0.017391304347826087,0.2
246.tiff,canine lymphosarcoma,246,6548,41,-0.00539,0.16638,0.24816562612969095,mask_od_mean,mask_od_mean,True,-1.5,True,False,115,123,18013,0.9646,123,2,0.0,1.0,30.222,140.0,338.0,500.0,2345.0,6894.0,7536.0,20,20,6,1,0.05217391304347826,0.3
246.tiff,canine lymphosarcoma,246,6548,41,-0.00539,0.16638,0.24816562612969095,mask_od_mean,mask_od_mean,True,-1.5,True,False,115,123,18013,0.9646,123,2,0.0,1.0,30.222,140.0,338.0,500.0,2345.0,6894.0,7536.0,30,30,13,2,0.11304347826086956,0.43333333333333335
246.tiff,canine lymphosarcoma,246,6548,41,-0.00539,0.16638,0.24816562612969095,mask_od_mean,mask_od_mean,True,-1.5,True,False,115,123,18013,0.9646,123,2,0.0,1.0,30.222,140.0,338.0,500.0,2345.0,6894.0,7536.0,50,50,23,4,0.2,0.46
246.tiff,canine lymphosarcoma,246,6548,41,-0.00539,0.16638,0.24816562612969095,od_contrast,od_contrast,True,-1.5,True,False,115,123,18013,0.9646,123,2,0.0,1.0,30.222,121.0,546.0,1066.0,1644.0,3229.0,3325.0,10,10,10,0,0.08695652173913043,1.0
246.tiff,canine lymphosarcoma,246,6548,41,-0.00539,0.16638,0.24816562612969095,od_contrast,od_contrast,True,-1.5,True,False,115,123,18013,0.9646,123,2,0.0,1.0,30.222,121.0,546.0,1066.0,1644.0,3229.0,3325.0,20,20,19,0,0.16521739130434782,0.95
246.tiff,canine lymphosarcoma,246,6548,41,-0.00539,0.16638,0.24816562612969095,od_contrast,od_contrast,True,-1.5,True,False,115,123,18013,0.9646,123,2,0.0,1.0,30.222,121.0,546.0,1066.0,1644.0,3229.0,3325.0,30,30,24,2,0.20869565217391303,0.8
246.tiff,canine lymphosarcoma,246,6548,41,-0.00539,0.16638,0.24816562612969095,od_contrast,od_contrast,True,-1.5,True,False,115,123,18013,0.9646,123,2,0.0,1.0,30.222,121.0,546.0,1066.0,1644.0,3229.0,3325.0,50,50,32,6,0.2782608695652174,0.64
300.tiff,canine cutaneous mast cell tumor,300,14581,45,-0.05764,0.37439,0.2533008895448562,tm_score,score,True,-1.5,True,False,180,85,17911,0.9669,85,2,0.0,0.9944444444444445,29.609,304.0,1948.0,4411.0,8349.0,13394.0,,10,10,7,1,0.03888888888888889,0.7
300.tiff,canine cutaneous mast cell tumor,300,14581,45,-0.05764,0.37439,0.2533008895448562,tm_score,score,True,-1.5,True,False,180,85,17911,0.9669,85,2,0.0,0.9944444444444445,29.609,304.0,1948.0,4411.0,8349.0,13394.0,,20,20,15,3,0.08333333333333333,0.75
300.tiff,canine cutaneous mast cell tumor,300,14581,45,-0.05764,0.37439,0.2533008895448562,tm_score,score,True,-1.5,True,False,180,85,17911,0.9669,85,2,0.0,0.9944444444444445,29.609,304.0,1948.0,4411.0,8349.0,13394.0,,30,30,20,4,0.1111111111111111,0.6666666666666666
300.tiff,canine cutaneous mast cell tumor,300,14581,45,-0.05764,0.37439,0.2533008895448562,tm_score,score,True,-1.5,True,False,180,85,17911,0.9669,85,2,0.0,0.9944444444444445,29.609,304.0,1948.0,4411.0,8349.0,13394.0,,50,50,33,5,0.18333333333333332,0.66
300.tiff,canine cutaneous mast cell tumor,300,14581,45,-0.05764,0.37439,0.2533008895448562,chromatin_od,od51,True,-1.5,True,False,180,85,17911,0.9669,85,2,0.0,0.9944444444444445,29.609,134.0,687.0,2572.0,4047.0,12986.0,,10,10,9,0,0.05,0.9
300.tiff,canine cutaneous mast cell tumor,300,14581,45,-0.05764,0.37439,0.2533008895448562,chromatin_od,od51,True,-1.5,True,False,180,85,17911,0.9669,85,2,0.0,0.9944444444444445,29.609,134.0,687.0,2572.0,4047.0,12986.0,,20,20,18,1,0.1,0.9
300.tiff,canine cutaneous mast cell tumor,300,14581,45,-0.05764,0.37439,0.2533008895448562,chromatin_od,od51,True,-1.5,True,False,180,85,17911,0.9669,85,2,0.0,0.9944444444444445,29.609,134.0,687.0,2572.0,4047.0,12986.0,,30,30,27,2,0.15,0.9
300.tiff,canine cutaneous mast cell tumor,300,14581,45,-0.05764,0.37439,0.2533008895448562,chromatin_od,od51,True,-1.5,True,False,180,85,17911,0.9669,85,2,0.0,0.9944444444444445,29.609,134.0,687.0,2572.0,4047.0,12986.0,,50,50,46,3,0.25555555555555554,0.92
300.tiff,canine cutaneous mast cell tumor,300,14581,45,-0.05764,0.37439,0.2533008895448562,od31,od31,True,-1.5,True,False,180,85,17911,0.9669,85,2,0.0,0.9944444444444445,29.609,116.0,338.0,730.0,1631.0,6305.0,,10,10,10,0,0.05555555555555555,1.0
300.tiff,canine cutaneous mast cell tumor,300,14581,45,-0.05764,0.37439,0.2533008895448562,od31,od31,True,-1.5,True,False,180,85,17911,0.9669,85,2,0.0,0.9944444444444445,29.609,116.0,338.0,730.0,1631.0,6305.0,,20,20,19,0,0.10555555555555556,0.95
300.tiff,canine cutaneous mast cell tumor,300,14581,45,-0.05764,0.37439,0.2533008895448562,od31,od31,True,-1.5,True,False,180,85,17911,0.9669,85,2,0.0,0.9944444444444445,29.609,116.0,338.0,730.0,1631.0,6305.0,,30,30,28,1,0.15555555555555556,0.9333333333333333
300.tiff,canine cutaneous mast cell tumor,300,14581,45,-0.05764,0.37439,0.2533008895448562,od31,od31,True,-1.5,True,False,180,85,17911,0.9669,85,2,0.0,0.9944444444444445,29.609,116.0,338.0,730.0,1631.0,6305.0,,50,50,46,2,0.25555555555555554,0.92
300.tiff,canine cutaneous mast cell tumor,300,14581,45,-0.05764,0.37439,0.2533008895448562,od_falloff,od_falloff,True,-1.5,True,False,180,85,17911,0.9669,85,2,0.0,0.9944444444444445,29.609,144.0,539.0,1227.0,1901.0,8622.0,,10,10,10,0,0.05555555555555555,1.0
300.tiff,canine cutaneous mast cell tumor,300,14581,45,-0.05764,0.37439,0.2533008895448562,od_falloff,od_falloff,True,-1.5,True,False,180,85,17911,0.9669,85,2,0.0,0.9944444444444445,29.609,144.0,539.0,1227.0,1901.0,8622.0,,20,20,19,1,0.10555555555555556,0.95
300.tiff,canine cutaneous mast cell tumor,300,14581,45,-0.05764,0.37439,0.2533008895448562,od_falloff,od_falloff,True,-1.5,True,False,180,85,17911,0.9669,85,2,0.0,0.9944444444444445,29.609,144.0,539.0,1227.0,1901.0,8622.0,,30,30,27,3,0.15,0.9
300.tiff,canine cutaneous mast cell tumor,300,14581,45,-0.05764,0.37439,0.2533008895448562,od_falloff,od_falloff,True,-1.5,True,False,180,85,17911,0.9669,85,2,0.0,0.9944444444444445,29.609,144.0,539.0,1227.0,1901.0,8622.0,,50,50,44,4,0.24444444444444444,0.88
300.tiff,canine cutaneous mast cell tumor,300,14581,45,-0.05764,0.37439,0.2533008895448562,mask_od_mean,mask_od_mean,True,-1.5,True,False,180,85,17911,0.9669,85,2,0.0,0.9944444444444445,29.609,137.0,345.0,564.0,1056.0,4285.0,,10,10,10,0,0.05555555555555555,1.0
300.tiff,canine cutaneous mast cell tumor,300,14581,45,-0.05764,0.37439,0.2533008895448562,mask_od_mean,mask_od_mean,True,-1.5,True,False,180,85,17911,0.9669,85,2,0.0,0.9944444444444445,29.609,137.0,345.0,564.0,1056.0,4285.0,,20,20,18,0,0.1,0.9
300.tiff,canine cutaneous mast cell tumor,300,14581,45,-0.05764,0.37439,0.2533008895448562,mask_od_mean,mask_od_mean,True,-1.5,True,False,180,85,17911,0.9669,85,2,0.0,0.9944444444444445,29.609,137.0,345.0,564.0,1056.0,4285.0,,30,30,27,0,0.15,0.9
300.tiff,canine cutaneous mast cell tumor,300,14581,45,-0.05764,0.37439,0.2533008895448562,mask_od_mean,mask_od_mean,True,-1.5,True,False,180,85,17911,0.9669,85,2,0.0,0.9944444444444445,29.609,137.0,345.0,564.0,1056.0,4285.0,,50,50,44,1,0.24444444444444444,0.88
300.tiff,canine cutaneous mast cell tumor,300,14581,45,-0.05764,0.37439,0.2533008895448562,od_contrast,od_contrast,True,-1.5,True,False,180,85,17911,0.9669,85,2,0.0,0.9944444444444445,29.609,138.0,737.0,2329.0,5633.0,11995.0,,10,10,9,0,0.05,0.9
300.tiff,canine cutaneous mast cell tumor,300,14581,45,-0.05764,0.37439,0.2533008895448562,od_contrast,od_contrast,True,-1.5,True,False,180,85,17911,0.9669,85,2,0.0,0.9944444444444445,29.609,138.0,737.0,2329.0,5633.0,11995.0,,20,20,18,1,0.1,0.9
300.tiff,canine cutaneous mast cell tumor,300,14581,45,-0.05764,0.37439,0.2533008895448562,od_contrast,od_contrast,True,-1.5,True,False,180,85,17911,0.9669,85,2,0.0,0.9944444444444445,29.609,138.0,737.0,2329.0,5633.0,11995.0,,30,30,26,1,0.14444444444444443,0.8666666666666667
300.tiff,canine cutaneous mast cell tumor,300,14581,45,-0.05764,0.37439,0.2533008895448562,od_contrast,od_contrast,True,-1.5,True,False,180,85,17911,0.9669,85,2,0.0,0.9944444444444445,29.609,138.0,737.0,2329.0,5633.0,11995.0,,50,50,43,3,0.2388888888888889,0.86
301.tiff,canine cutaneous mast cell tumor,301,14969,41,-0.01143,0.20673,0.2533008895448562,tm_score,score,True,-1.5,True,False,217,109,17583,0.9564,109,2,0.0,0.9953917050691244,29.609,434.0,3083.0,6010.0,8357.0,12687.0,,10,10,9,0,0.041474654377880185,0.9
301.tiff,canine cutaneous mast cell tumor,301,14969,41,-0.01143,0.20673,0.2533008895448562,tm_score,score,True,-1.5,True,False,217,109,17583,0.9564,109,2,0.0,0.9953917050691244,29.609,434.0,3083.0,6010.0,8357.0,12687.0,,20,20,16,2,0.07373271889400922,0.8
301.tiff,canine cutaneous mast cell tumor,301,14969,41,-0.01143,0.20673,0.2533008895448562,tm_score,score,True,-1.5,True,False,217,109,17583,0.9564,109,2,0.0,0.9953917050691244,29.609,434.0,3083.0,6010.0,8357.0,12687.0,,30,30,22,3,0.10138248847926268,0.7333333333333333
301.tiff,canine cutaneous mast cell tumor,301,14969,41,-0.01143,0.20673,0.2533008895448562,tm_score,score,True,-1.5,True,False,217,109,17583,0.9564,109,2,0.0,0.9953917050691244,29.609,434.0,3083.0,6010.0,8357.0,12687.0,,50,50,32,5,0.14746543778801843,0.64
301.tiff,canine cutaneous mast cell tumor,301,14969,41,-0.01143,0.20673,0.2533008895448562,chromatin_od,od51,True,-1.5,True,False,217,109,17583,0.9564,109,2,0.0,0.9953917050691244,29.609,212.0,1502.0,3588.0,5838.0,10967.0,,10,10,5,3,0.02304147465437788,0.5
301.tiff,canine cutaneous mast cell tumor,301,14969,41,-0.01143,0.20673,0.2533008895448562,chromatin_od,od51,True,-1.5,True,False,217,109,17583,0.9564,109,2,0.0,0.9953917050691244,29.609,212.0,1502.0,3588.0,5838.0,10967.0,,20,20,14,3,0.06451612903225806,0.7
301.tiff,canine cutaneous mast cell tumor,301,14969,41,-0.01143,0.20673,0.2533008895448562,chromatin_od,od51,True,-1.5,True,False,217,109,17583,0.9564,109,2,0.0,0.9953917050691244,29.609,212.0,1502.0,3588.0,5838.0,10967.0,,30,30,24,3,0.11059907834101383,0.8
301.tiff,canine cutaneous mast cell tumor,301,14969,41,-0.01143,0.20673,0.2533008895448562,chromatin_od,od51,True,-1.5,True,False,217,109,17583,0.9564,109,2,0.0,0.9953917050691244,29.609,212.0,1502.0,3588.0,5838.0,10967.0,,50,50,40,5,0.18433179723502305,0.8
301.tiff,canine cutaneous mast cell tumor,301,14969,41,-0.01143,0.20673,0.2533008895448562,od31,od31,True,-1.5,True,False,217,109,17583,0.9564,109,2,0.0,0.9953917050691244,29.609,148.0,554.0,1360.0,3990.0,11732.0,,10,10,6,2,0.027649769585253458,0.6
301.tiff,canine cutaneous mast cell tumor,301,14969,41,-0.01143,0.20673,0.2533008895448562,od31,od31,True,-1.5,True,False,217,109,17583,0.9564,109,2,0.0,0.9953917050691244,29.609,148.0,554.0,1360.0,3990.0,11732.0,,20,20,16,2,0.07373271889400922,0.8
301.tiff,canine cutaneous mast cell tumor,301,14969,41,-0.01143,0.20673,0.2533008895448562,od31,od31,True,-1.5,True,False,217,109,17583,0.9564,109,2,0.0,0.9953917050691244,29.609,148.0,554.0,1360.0,3990.0,11732.0,,30,30,25,3,0.1152073732718894,0.8333333333333334
301.tiff,canine cutaneous mast cell tumor,301,14969,41,-0.01143,0.20673,0.2533008895448562,od31,od31,True,-1.5,True,False,217,109,17583,0.9564,109,2,0.0,0.9953917050691244,29.609,148.0,554.0,1360.0,3990.0,11732.0,,50,50,43,4,0.19815668202764977,0.86
301.tiff,canine cutaneous mast cell tumor,301,14969,41,-0.01143,0.20673,0.2533008895448562,od_falloff,od_falloff,True,-1.5,True,False,217,109,17583,0.9564,109,2,0.0,0.9953917050691244,29.609,158.0,579.0,1809.0,5088.0,13173.0,,10,10,10,0,0.04608294930875576,1.0
301.tiff,canine cutaneous mast cell tumor,301,14969,41,-0.01143,0.20673,0.2533008895448562,od_falloff,od_falloff,True,-1.5,True,False,217,109,17583,0.9564,109,2,0.0,0.9953917050691244,29.609,158.0,579.0,1809.0,5088.0,13173.0,,20,20,18,1,0.08294930875576037,0.9
301.tiff,canine cutaneous mast cell tumor,301,14969,41,-0.01143,0.20673,0.2533008895448562,od_falloff,od_falloff,True,-1.5,True,False,217,109,17583,0.9564,109,2,0.0,0.9953917050691244,29.609,158.0,579.0,1809.0,5088.0,13173.0,,30,30,27,2,0.12442396313364056,0.9
301.tiff,canine cutaneous mast cell tumor,301,14969,41,-0.01143,0.20673,0.2533008895448562,od_falloff,od_falloff,True,-1.5,True,False,217,109,17583,0.9564,109,2,0.0,0.9953917050691244,29.609,158.0,579.0,1809.0,5088.0,13173.0,,50,50,44,4,0.20276497695852536,0.88
301.tiff,canine cutaneous mast cell tumor,301,14969,41,-0.01143,0.20673,0.2533008895448562,mask_od_mean,mask_od_mean,True,-1.5,True,False,217,109,17583,0.9564,109,2,0.0,0.9953917050691244,29.609,190.0,522.0,1545.0,3356.0,10622.0,,10,10,4,2,0.018433179723502304,0.4
301.tiff,canine cutaneous mast cell tumor,301,14969,41,-0.01143,0.20673,0.2533008895448562,mask_od_mean,mask_od_mean,True,-1.5,True,False,217,109,17583,0.9564,109,2,0.0,0.9953917050691244,29.609,190.0,522.0,1545.0,3356.0,10622.0,,20,20,12,2,0.055299539170506916,0.6
301.tiff,canine cutaneous mast cell tumor,301,14969,41,-0.01143,0.20673,0.2533008895448562,mask_od_mean,mask_od_mean,True,-1.5,True,False,217,109,17583,0.9564,109,2,0.0,0.9953917050691244,29.609,190.0,522.0,1545.0,3356.0,10622.0,,30,30,20,2,0.09216589861751152,0.6666666666666666
301.tiff,canine cutaneous mast cell tumor,301,14969,41,-0.01143,0.20673,0.2533008895448562,mask_od_mean,mask_od_mean,True,-1.5,True,False,217,109,17583,0.9564,109,2,0.0,0.9953917050691244,29.609,190.0,522.0,1545.0,3356.0,10622.0,,50,50,33,3,0.15207373271889402,0.66
301.tiff,canine cutaneous mast cell tumor,301,14969,41,-0.01143,0.20673,0.2533008895448562,od_contrast,od_contrast,True,-1.5,True,False,217,109,17583,0.9564,109,2,0.0,0.9953917050691244,29.609,186.0,989.0,2316.0,6011.0,9870.0,,10,10,6,3,0.027649769585253458,0.6
301.tiff,canine cutaneous mast cell tumor,301,14969,41,-0.01143,0.20673,0.2533008895448562,od_contrast,od_contrast,True,-1.5,True,False,217,109,17583,0.9564,109,2,0.0,0.9953917050691244,29.609,186.0,989.0,2316.0,6011.0,9870.0,,20,20,13,4,0.059907834101382486,0.65
301.tiff,canine cutaneous mast cell tumor,301,14969,41,-0.01143,0.20673,0.2533008895448562,od_contrast,od_contrast,True,-1.5,True,False,217,109,17583,0.9564,109,2,0.0,0.9953917050691244,29.609,186.0,989.0,2316.0,6011.0,9870.0,,30,30,23,4,0.10599078341013825,0.7666666666666667
301.tiff,canine cutaneous mast cell tumor,301,14969,41,-0.01143,0.20673,0.2533008895448562,od_contrast,od_contrast,True,-1.5,True,False,217,109,17583,0.9564,109,2,0.0,0.9953917050691244,29.609,186.0,989.0,2316.0,6011.0,9870.0,,50,50,40,5,0.18433179723502305,0.8
402.tiff,human neuroendocrine tumor,402,20254,29,-0.05754,0.87053,0.22632094805310524,tm_score,score,True,-1.5,True,False,104,79,17532,0.9627,79,2,0.0,1.0,33.139,113.0,332.0,488.0,971.0,2185.0,3534.0,10,10,4,2,0.038461538461538464,0.4
402.tiff,human neuroendocrine tumor,402,20254,29,-0.05754,0.87053,0.22632094805310524,tm_score,score,True,-1.5,True,False,104,79,17532,0.9627,79,2,0.0,1.0,33.139,113.0,332.0,488.0,971.0,2185.0,3534.0,20,20,9,4,0.08653846153846154,0.45
402.tiff,human neuroendocrine tumor,402,20254,29,-0.05754,0.87053,0.22632094805310524,tm_score,score,True,-1.5,True,False,104,79,17532,0.9627,79,2,0.0,1.0,33.139,113.0,332.0,488.0,971.0,2185.0,3534.0,30,30,14,4,0.1346153846153846,0.4666666666666667
402.tiff,human neuroendocrine tumor,402,20254,29,-0.05754,0.87053,0.22632094805310524,tm_score,score,True,-1.5,True,False,104,79,17532,0.9627,79,2,0.0,1.0,33.139,113.0,332.0,488.0,971.0,2185.0,3534.0,50,50,22,9,0.21153846153846154,0.44
402.tiff,human neuroendocrine tumor,402,20254,29,-0.05754,0.87053,0.22632094805310524,chromatin_od,od51,True,-1.5,True,False,104,79,17532,0.9627,79,2,0.0,1.0,33.139,146.0,437.0,989.0,3098.0,3467.0,3903.0,10,10,7,1,0.0673076923076923,0.7
402.tiff,human neuroendocrine tumor,402,20254,29,-0.05754,0.87053,0.22632094805310524,chromatin_od,od51,True,-1.5,True,False,104,79,17532,0.9627,79,2,0.0,1.0,33.139,146.0,437.0,989.0,3098.0,3467.0,3903.0,20,20,11,2,0.10576923076923077,0.55
402.tiff,human neuroendocrine tumor,402,20254,29,-0.05754,0.87053,0.22632094805310524,chromatin_od,od51,True,-1.5,True,False,104,79,17532,0.9627,79,2,0.0,1.0,33.139,146.0,437.0,989.0,3098.0,3467.0,3903.0,30,30,16,2,0.15384615384615385,0.5333333333333333
402.tiff,human neuroendocrine tumor,402,20254,29,-0.05754,0.87053,0.22632094805310524,chromatin_od,od51,True,-1.5,True,False,104,79,17532,0.9627,79,2,0.0,1.0,33.139,146.0,437.0,989.0,3098.0,3467.0,3903.0,50,50,23,5,0.22115384615384615,0.46
402.tiff,human neuroendocrine tumor,402,20254,29,-0.05754,0.87053,0.22632094805310524,od31,od31,True,-1.5,True,False,104,79,17532,0.9627,79,2,0.0,1.0,33.139,141.0,359.0,719.0,979.0,1993.0,3097.0,10,10,5,2,0.04807692307692308,0.5
402.tiff,human neuroendocrine tumor,402,20254,29,-0.05754,0.87053,0.22632094805310524,od31,od31,True,-1.5,True,False,104,79,17532,0.9627,79,2,0.0,1.0,33.139,141.0,359.0,719.0,979.0,1993.0,3097.0,20,20,10,3,0.09615384615384616,0.5
402.tiff,human neuroendocrine tumor,402,20254,29,-0.05754,0.87053,0.22632094805310524,od31,od31,True,-1.5,True,False,104,79,17532,0.9627,79,2,0.0,1.0,33.139,141.0,359.0,719.0,979.0,1993.0,3097.0,30,30,13,4,0.125,0.43333333333333335
402.tiff,human neuroendocrine tumor,402,20254,29,-0.05754,0.87053,0.22632094805310524,od31,od31,True,-1.5,True,False,104,79,17532,0.9627,79,2,0.0,1.0,33.139,141.0,359.0,719.0,979.0,1993.0,3097.0,50,50,22,7,0.21153846153846154,0.44
402.tiff,human neuroendocrine tumor,402,20254,29,-0.05754,0.87053,0.22632094805310524,od_falloff,od_falloff,True,-1.5,True,False,104,79,17532,0.9627,79,2,0.0,1.0,33.139,204.0,442.0,711.0,1083.0,2373.0,3161.0,10,10,2,0,0.019230769230769232,0.2
402.tiff,human neuroendocrine tumor,402,20254,29,-0.05754,0.87053,0.22632094805310524,od_falloff,od_falloff,True,-1.5,True,False,104,79,17532,0.9627,79,2,0.0,1.0,33.139,204.0,442.0,711.0,1083.0,2373.0,3161.0,20,20,5,3,0.04807692307692308,0.25
402.tiff,human neuroendocrine tumor,402,20254,29,-0.05754,0.87053,0.22632094805310524,od_falloff,od_falloff,True,-1.5,True,False,104,79,17532,0.9627,79,2,0.0,1.0,33.139,204.0,442.0,711.0,1083.0,2373.0,3161.0,30,30,6,5,0.057692307692307696,0.2
402.tiff,human neuroendocrine tumor,402,20254,29,-0.05754,0.87053,0.22632094805310524,od_falloff,od_falloff,True,-1.5,True,False,104,79,17532,0.9627,79,2,0.0,1.0,33.139,204.0,442.0,711.0,1083.0,2373.0,3161.0,50,50,11,7,0.10576923076923077,0.22
402.tiff,human neuroendocrine tumor,402,20254,29,-0.05754,0.87053,0.22632094805310524,mask_od_mean,mask_od_mean,True,-1.5,True,False,104,79,17532,0.9627,79,2,0.0,1.0,33.139,129.0,281.0,520.0,1183.0,6328.0,8683.0,10,10,5,1,0.04807692307692308,0.5
402.tiff,human neuroendocrine tumor,402,20254,29,-0.05754,0.87053,0.22632094805310524,mask_od_mean,mask_od_mean,True,-1.5,True,False,104,79,17532,0.9627,79,2,0.0,1.0,33.139,129.0,281.0,520.0,1183.0,6328.0,8683.0,20,20,9,2,0.08653846153846154,0.45
402.tiff,human neuroendocrine tumor,402,20254,29,-0.05754,0.87053,0.22632094805310524,mask_od_mean,mask_od_mean,True,-1.5,True,False,104,79,17532,0.9627,79,2,0.0,1.0,33.139,129.0,281.0,520.0,1183.0,6328.0,8683.0,30,30,13,3,0.125,0.43333333333333335
402.tiff,human neuroendocrine tumor,402,20254,29,-0.05754,0.87053,0.22632094805310524,mask_od_mean,mask_od_mean,True,-1.5,True,False,104,79,17532,0.9627,79,2,0.0,1.0,33.139,129.0,281.0,520.0,1183.0,6328.0,8683.0,50,50,21,6,0.20192307692307693,0.42
402.tiff,human neuroendocrine tumor,402,20254,29,-0.05754,0.87053,0.22632094805310524,od_contrast,od_contrast,True,-1.5,True,False,104,79,17532,0.9627,79,2,0.0,1.0,33.139,100.0,349.0,597.0,1839.0,2466.0,2938.0,10,10,4,3,0.038461538461538464,0.4
402.tiff,human neuroendocrine tumor,402,20254,29,-0.05754,0.87053,0.22632094805310524,od_contrast,od_contrast,True,-1.5,True,False,104,79,17532,0.9627,79,2,0.0,1.0,33.139,100.0,349.0,597.0,1839.0,2466.0,2938.0,20,20,9,4,0.08653846153846154,0.45
402.tiff,human neuroendocrine tumor,402,20254,29,-0.05754,0.87053,0.22632094805310524,od_contrast,od_contrast,True,-1.5,True,False,104,79,17532,0.9627,79,2,0.0,1.0,33.139,100.0,349.0,597.0,1839.0,2466.0,2938.0,30,30,16,5,0.15384615384615385,0.5333333333333333
402.tiff,human neuroendocrine tumor,402,20254,29,-0.05754,0.87053,0.22632094805310524,od_contrast,od_contrast,True,-1.5,True,False,104,79,17532,0.9627,79,2,0.0,1.0,33.139,100.0,349.0,597.0,1839.0,2466.0,2938.0,50,50,27,7,0.25961538461538464,0.54
403.tiff,human neuroendocrine tumor,403,20356,51,-0.00668,0.7329,0.22686065932495555,tm_score,score,True,-1.5,True,False,52,47,16007,0.9274,41,2,0.0,1.0,33.06,150.0,546.0,1884.0,3668.0,5660.0,5660.0,10,10,5,1,0.09615384615384616,0.5
403.tiff,human neuroendocrine tumor,403,20356,51,-0.00668,0.7329,0.22686065932495555,tm_score,score,True,-1.5,True,False,52,47,16007,0.9274,41,2,0.0,1.0,33.06,150.0,546.0,1884.0,3668.0,5660.0,5660.0,20,20,7,1,0.1346153846153846,0.35
403.tiff,human neuroendocrine tumor,403,20356,51,-0.00668,0.7329,0.22686065932495555,tm_score,score,True,-1.5,True,False,52,47,16007,0.9274,41,2,0.0,1.0,33.06,150.0,546.0,1884.0,3668.0,5660.0,5660.0,30,30,8,2,0.15384615384615385,0.26666666666666666
403.tiff,human neuroendocrine tumor,403,20356,51,-0.00668,0.7329,0.22686065932495555,tm_score,score,True,-1.5,True,False,52,47,16007,0.9274,41,2,0.0,1.0,33.06,150.0,546.0,1884.0,3668.0,5660.0,5660.0,50,50,15,2,0.28846153846153844,0.3
403.tiff,human neuroendocrine tumor,403,20356,51,-0.00668,0.7329,0.22686065932495555,chromatin_od,od51,True,-1.5,True,False,52,47,16007,0.9274,41,2,0.0,1.0,33.06,70.0,187.0,334.0,522.0,4761.0,4761.0,10,10,5,1,0.09615384615384616,0.5
403.tiff,human neuroendocrine tumor,403,20356,51,-0.00668,0.7329,0.22686065932495555,chromatin_od,od51,True,-1.5,True,False,52,47,16007,0.9274,41,2,0.0,1.0,33.06,70.0,187.0,334.0,522.0,4761.0,4761.0,20,20,12,2,0.23076923076923078,0.6
403.tiff,human neuroendocrine tumor,403,20356,51,-0.00668,0.7329,0.22686065932495555,chromatin_od,od51,True,-1.5,True,False,52,47,16007,0.9274,41,2,0.0,1.0,33.06,70.0,187.0,334.0,522.0,4761.0,4761.0,30,30,14,4,0.2692307692307692,0.4666666666666667
403.tiff,human neuroendocrine tumor,403,20356,51,-0.00668,0.7329,0.22686065932495555,chromatin_od,od51,True,-1.5,True,False,52,47,16007,0.9274,41,2,0.0,1.0,33.06,70.0,187.0,334.0,522.0,4761.0,4761.0,50,50,22,4,0.4230769230769231,0.44
403.tiff,human neuroendocrine tumor,403,20356,51,-0.00668,0.7329,0.22686065932495555,od31,od31,True,-1.5,True,False,52,47,16007,0.9274,41,15,0.0,1.0,33.06,61.0,159.0,305.0,658.0,3024.0,3024.0,10,10,4,2,0.07692307692307693,0.4
403.tiff,human neuroendocrine tumor,403,20356,51,-0.00668,0.7329,0.22686065932495555,od31,od31,True,-1.5,True,False,52,47,16007,0.9274,41,15,0.0,1.0,33.06,61.0,159.0,305.0,658.0,3024.0,3024.0,20,20,10,2,0.19230769230769232,0.5
403.tiff,human neuroendocrine tumor,403,20356,51,-0.00668,0.7329,0.22686065932495555,od31,od31,True,-1.5,True,False,52,47,16007,0.9274,41,15,0.0,1.0,33.06,61.0,159.0,305.0,658.0,3024.0,3024.0,30,30,16,4,0.3076923076923077,0.5333333333333333
403.tiff,human neuroendocrine tumor,403,20356,51,-0.00668,0.7329,0.22686065932495555,od31,od31,True,-1.5,True,False,52,47,16007,0.9274,41,15,0.0,1.0,33.06,61.0,159.0,305.0,658.0,3024.0,3024.0,50,50,20,4,0.38461538461538464,0.4
403.tiff,human neuroendocrine tumor,403,20356,51,-0.00668,0.7329,0.22686065932495555,od_falloff,od_falloff,True,-1.5,True,False,52,47,16007,0.9274,41,2,0.0,1.0,33.06,472.0,1166.0,1879.0,3024.0,5637.0,5637.0,10,10,0,0,0.0,0.0
403.tiff,human neuroendocrine tumor,403,20356,51,-0.00668,0.7329,0.22686065932495555,od_falloff,od_falloff,True,-1.5,True,False,52,47,16007,0.9274,41,2,0.0,1.0,33.06,472.0,1166.0,1879.0,3024.0,5637.0,5637.0,20,20,0,1,0.0,0.0
403.tiff,human neuroendocrine tumor,403,20356,51,-0.00668,0.7329,0.22686065932495555,od_falloff,od_falloff,True,-1.5,True,False,52,47,16007,0.9274,41,2,0.0,1.0,33.06,472.0,1166.0,1879.0,3024.0,5637.0,5637.0,30,30,0,1,0.0,0.0
403.tiff,human neuroendocrine tumor,403,20356,51,-0.00668,0.7329,0.22686065932495555,od_falloff,od_falloff,True,-1.5,True,False,52,47,16007,0.9274,41,2,0.0,1.0,33.06,472.0,1166.0,1879.0,3024.0,5637.0,5637.0,50,50,1,2,0.019230769230769232,0.02
403.tiff,human neuroendocrine tumor,403,20356,51,-0.00668,0.7329,0.22686065932495555,mask_od_mean,mask_od_mean,True,-1.5,True,False,52,47,16007,0.9274,41,3,0.0,1.0,33.06,58.0,169.0,443.0,791.0,2938.0,2938.0,10,10,6,1,0.11538461538461539,0.6
403.tiff,human neuroendocrine tumor,403,20356,51,-0.00668,0.7329,0.22686065932495555,mask_od_mean,mask_od_mean,True,-1.5,True,False,52,47,16007,0.9274,41,3,0.0,1.0,33.06,58.0,169.0,443.0,791.0,2938.0,2938.0,20,20,9,3,0.17307692307692307,0.45
403.tiff,human neuroendocrine tumor,403,20356,51,-0.00668,0.7329,0.22686065932495555,mask_od_mean,mask_od_mean,True,-1.5,True,False,52,47,16007,0.9274,41,3,0.0,1.0,33.06,58.0,169.0,443.0,791.0,2938.0,2938.0,30,30,15,3,0.28846153846153844,0.5
403.tiff,human neuroendocrine tumor,403,20356,51,-0.00668,0.7329,0.22686065932495555,mask_od_mean,mask_od_mean,True,-1.5,True,False,52,47,16007,0.9274,41,3,0.0,1.0,33.06,58.0,169.0,443.0,791.0,2938.0,2938.0,50,50,22,5,0.4230769230769231,0.44
403.tiff,human neuroendocrine tumor,403,20356,51,-0.00668,0.7329,0.22686065932495555,od_contrast,od_contrast,True,-1.5,True,False,52,47,16007,0.9274,41,2,0.0,1.0,33.06,104.0,402.0,836.0,1365.0,7303.0,7303.0,10,10,6,1,0.11538461538461539,0.6
403.tiff,human neuroendocrine tumor,403,20356,51,-0.00668,0.7329,0.22686065932495555,od_contrast,od_contrast,True,-1.5,True,False,52,47,16007,0.9274,41,2,0.0,1.0,33.06,104.0,402.0,836.0,1365.0,7303.0,7303.0,20,20,12,2,0.23076923076923078,0.6
403.tiff,human neuroendocrine tumor,403,20356,51,-0.00668,0.7329,0.22686065932495555,od_contrast,od_contrast,True,-1.5,True,False,52,47,16007,0.9274,41,2,0.0,1.0,33.06,104.0,402.0,836.0,1365.0,7303.0,7303.0,30,30,15,2,0.28846153846153844,0.5
403.tiff,human neuroendocrine tumor,403,20356,51,-0.00668,0.7329,0.22686065932495555,od_contrast,od_contrast,True,-1.5,True,False,52,47,16007,0.9274,41,2,0.0,1.0,33.06,104.0,402.0,836.0,1365.0,7303.0,7303.0,50,50,18,3,0.34615384615384615,0.36
459.tiff,canine soft tissue sarcoma,459,22441,33,-0.05077,0.50321,0.24816562612969095,tm_score,score,True,-1.5,True,False,130,90,17994,0.9647,90,2,0.0,1.0,30.222,439.0,2464.0,4753.0,8076.0,11965.0,12838.0,10,10,5,3,0.038461538461538464,0.5
459.tiff,canine soft tissue sarcoma,459,22441,33,-0.05077,0.50321,0.24816562612969095,tm_score,score,True,-1.5,True,False,130,90,17994,0.9647,90,2,0.0,1.0,30.222,439.0,2464.0,4753.0,8076.0,11965.0,12838.0,20,20,10,5,0.07692307692307693,0.5
459.tiff,canine soft tissue sarcoma,459,22441,33,-0.05077,0.50321,0.24816562612969095,tm_score,score,True,-1.5,True,False,130,90,17994,0.9647,90,2,0.0,1.0,30.222,439.0,2464.0,4753.0,8076.0,11965.0,12838.0,30,30,15,6,0.11538461538461539,0.5
459.tiff,canine soft tissue sarcoma,459,22441,33,-0.05077,0.50321,0.24816562612969095,tm_score,score,True,-1.5,True,False,130,90,17994,0.9647,90,2,0.0,1.0,30.222,439.0,2464.0,4753.0,8076.0,11965.0,12838.0,50,50,24,10,0.18461538461538463,0.48
459.tiff,canine soft tissue sarcoma,459,22441,33,-0.05077,0.50321,0.24816562612969095,chromatin_od,od51,True,-1.5,True,False,130,90,17994,0.9647,90,2,0.0,1.0,30.222,116.0,934.0,4214.0,7875.0,12558.0,16110.0,10,10,9,1,0.06923076923076923,0.9
459.tiff,canine soft tissue sarcoma,459,22441,33,-0.05077,0.50321,0.24816562612969095,chromatin_od,od51,True,-1.5,True,False,130,90,17994,0.9647,90,2,0.0,1.0,30.222,116.0,934.0,4214.0,7875.0,12558.0,16110.0,20,20,17,1,0.13076923076923078,0.85
459.tiff,canine soft tissue sarcoma,459,22441,33,-0.05077,0.50321,0.24816562612969095,chromatin_od,od51,True,-1.5,True,False,130,90,17994,0.9647,90,2,0.0,1.0,30.222,116.0,934.0,4214.0,7875.0,12558.0,16110.0,30,30,25,3,0.19230769230769232,0.8333333333333334
459.tiff,canine soft tissue sarcoma,459,22441,33,-0.05077,0.50321,0.24816562612969095,chromatin_od,od51,True,-1.5,True,False,130,90,17994,0.9647,90,2,0.0,1.0,30.222,116.0,934.0,4214.0,7875.0,12558.0,16110.0,50,50,41,4,0.3153846153846154,0.82
459.tiff,canine soft tissue sarcoma,459,22441,33,-0.05077,0.50321,0.24816562612969095,od31,od31,True,-1.5,True,False,130,90,17994,0.9647,90,2,0.0,1.0,30.222,194.0,749.0,2371.0,5654.0,11563.0,11740.0,10,10,6,2,0.046153846153846156,0.6
459.tiff,canine soft tissue sarcoma,459,22441,33,-0.05077,0.50321,0.24816562612969095,od31,od31,True,-1.5,True,False,130,90,17994,0.9647,90,2,0.0,1.0,30.222,194.0,749.0,2371.0,5654.0,11563.0,11740.0,20,20,11,3,0.08461538461538462,0.55
459.tiff,canine soft tissue sarcoma,459,22441,33,-0.05077,0.50321,0.24816562612969095,od31,od31,True,-1.5,True,False,130,90,17994,0.9647,90,2,0.0,1.0,30.222,194.0,749.0,2371.0,5654.0,11563.0,11740.0,30,30,16,7,0.12307692307692308,0.5333333333333333
459.tiff,canine soft tissue sarcoma,459,22441,33,-0.05077,0.50321,0.24816562612969095,od31,od31,True,-1.5,True,False,130,90,17994,0.9647,90,2,0.0,1.0,30.222,194.0,749.0,2371.0,5654.0,11563.0,11740.0,50,50,25,11,0.19230769230769232,0.5
459.tiff,canine soft tissue sarcoma,459,22441,33,-0.05077,0.50321,0.24816562612969095,od_falloff,od_falloff,True,-1.5,True,False,130,90,17994,0.9647,90,2,0.0,1.0,30.222,447.0,1520.0,2922.0,5167.0,10174.0,12810.0,10,10,1,4,0.007692307692307693,0.1
459.tiff,canine soft tissue sarcoma,459,22441,33,-0.05077,0.50321,0.24816562612969095,od_falloff,od_falloff,True,-1.5,True,False,130,90,17994,0.9647,90,2,0.0,1.0,30.222,447.0,1520.0,2922.0,5167.0,10174.0,12810.0,20,20,3,7,0.023076923076923078,0.15
459.tiff,canine soft tissue sarcoma,459,22441,33,-0.05077,0.50321,0.24816562612969095,od_falloff,od_falloff,True,-1.5,True,False,130,90,17994,0.9647,90,2,0.0,1.0,30.222,447.0,1520.0,2922.0,5167.0,10174.0,12810.0,30,30,4,10,0.03076923076923077,0.13333333333333333
459.tiff,canine soft tissue sarcoma,459,22441,33,-0.05077,0.50321,0.24816562612969095,od_falloff,od_falloff,True,-1.5,True,False,130,90,17994,0.9647,90,2,0.0,1.0,30.222,447.0,1520.0,2922.0,5167.0,10174.0,12810.0,50,50,4,11,0.03076923076923077,0.08
459.tiff,canine soft tissue sarcoma,459,22441,33,-0.05077,0.50321,0.24816562612969095,mask_od_mean,mask_od_mean,True,-1.5,True,False,130,90,17994,0.9647,90,2,0.0,1.0,30.222,217.0,633.0,1939.0,4630.0,9370.0,14604.0,10,10,3,1,0.023076923076923078,0.3
459.tiff,canine soft tissue sarcoma,459,22441,33,-0.05077,0.50321,0.24816562612969095,mask_od_mean,mask_od_mean,True,-1.5,True,False,130,90,17994,0.9647,90,2,0.0,1.0,30.222,217.0,633.0,1939.0,4630.0,9370.0,14604.0,20,20,8,2,0.06153846153846154,0.4
459.tiff,canine soft tissue sarcoma,459,22441,33,-0.05077,0.50321,0.24816562612969095,mask_od_mean,mask_od_mean,True,-1.5,True,False,130,90,17994,0.9647,90,2,0.0,1.0,30.222,217.0,633.0,1939.0,4630.0,9370.0,14604.0,30,30,11,4,0.08461538461538462,0.36666666666666664
459.tiff,canine soft tissue sarcoma,459,22441,33,-0.05077,0.50321,0.24816562612969095,mask_od_mean,mask_od_mean,True,-1.5,True,False,130,90,17994,0.9647,90,2,0.0,1.0,30.222,217.0,633.0,1939.0,4630.0,9370.0,14604.0,50,50,19,6,0.14615384615384616,0.38
459.tiff,canine soft tissue sarcoma,459,22441,33,-0.05077,0.50321,0.24816562612969095,od_contrast,od_contrast,True,-1.5,True,False,130,90,17994,0.9647,90,2,0.0,1.0,30.222,122.0,810.0,3161.0,7604.0,14505.0,16400.0,10,10,7,2,0.05384615384615385,0.7
459.tiff,canine soft tissue sarcoma,459,22441,33,-0.05077,0.50321,0.24816562612969095,od_contrast,od_contrast,True,-1.5,True,False,130,90,17994,0.9647,90,2,0.0,1.0,30.222,122.0,810.0,3161.0,7604.0,14505.0,16400.0,20,20,15,3,0.11538461538461539,0.75
459.tiff,canine soft tissue sarcoma,459,22441,33,-0.05077,0.50321,0.24816562612969095,od_contrast,od_contrast,True,-1.5,True,False,130,90,17994,0.9647,90,2,0.0,1.0,30.222,122.0,810.0,3161.0,7604.0,14505.0,16400.0,30,30,22,5,0.16923076923076924,0.7333333333333333
459.tiff,canine soft tissue sarcoma,459,22441,33,-0.05077,0.50321,0.24816562612969095,od_contrast,od_contrast,True,-1.5,True,False,130,90,17994,0.9647,90,2,0.0,1.0,30.222,122.0,810.0,3161.0,7604.0,14505.0,16400.0,50,50,33,8,0.25384615384615383,0.66
460.tiff,canine soft tissue sarcoma,460,22577,47,-0.16041,0.98334,0.24816562612969095,tm_score,score,True,-1.5,True,False,35,40,15601,0.9304,40,2,0.0,1.0,30.222,79.0,652.0,3333.0,5132.0,9825.0,9825.0,10,10,7,1,0.2,0.7
460.tiff,canine soft tissue sarcoma,460,22577,47,-0.16041,0.98334,0.24816562612969095,tm_score,score,True,-1.5,True,False,35,40,15601,0.9304,40,2,0.0,1.0,30.222,79.0,652.0,3333.0,5132.0,9825.0,9825.0,20,20,11,3,0.3142857142857143,0.55
460.tiff,canine soft tissue sarcoma,460,22577,47,-0.16041,0.98334,0.24816562612969095,tm_score,score,True,-1.5,True,False,35,40,15601,0.9304,40,2,0.0,1.0,30.222,79.0,652.0,3333.0,5132.0,9825.0,9825.0,30,30,12,4,0.34285714285714286,0.4
460.tiff,canine soft tissue sarcoma,460,22577,47,-0.16041,0.98334,0.24816562612969095,tm_score,score,True,-1.5,True,False,35,40,15601,0.9304,40,2,0.0,1.0,30.222,79.0,652.0,3333.0,5132.0,9825.0,9825.0,50,50,15,8,0.42857142857142855,0.3
460.tiff,canine soft tissue sarcoma,460,22577,47,-0.16041,0.98334,0.24816562612969095,chromatin_od,od51,True,-1.5,True,False,35,40,15601,0.9304,40,2,0.0,1.0,30.222,37.0,284.0,1330.0,7134.0,12550.0,12550.0,10,10,7,1,0.2,0.7
460.tiff,canine soft tissue sarcoma,460,22577,47,-0.16041,0.98334,0.24816562612969095,chromatin_od,od51,True,-1.5,True,False,35,40,15601,0.9304,40,2,0.0,1.0,30.222,37.0,284.0,1330.0,7134.0,12550.0,12550.0,20,20,12,3,0.34285714285714286,0.6
460.tiff,canine soft tissue sarcoma,460,22577,47,-0.16041,0.98334,0.24816562612969095,chromatin_od,od51,True,-1.5,True,False,35,40,15601,0.9304,40,2,0.0,1.0,30.222,37.0,284.0,1330.0,7134.0,12550.0,12550.0,30,30,15,3,0.42857142857142855,0.5
460.tiff,canine soft tissue sarcoma,460,22577,47,-0.16041,0.98334,0.24816562612969095,chromatin_od,od51,True,-1.5,True,False,35,40,15601,0.9304,40,2,0.0,1.0,30.222,37.0,284.0,1330.0,7134.0,12550.0,12550.0,50,50,20,6,0.5714285714285714,0.4
460.tiff,canine soft tissue sarcoma,460,22577,47,-0.16041,0.98334,0.24816562612969095,od31,od31,True,-1.5,True,False,35,40,15601,0.9304,40,2,0.0,1.0,30.222,55.0,258.0,554.0,5688.0,9462.0,9462.0,10,10,7,0,0.2,0.7
460.tiff,canine soft tissue sarcoma,460,22577,47,-0.16041,0.98334,0.24816562612969095,od31,od31,True,-1.5,True,False,35,40,15601,0.9304,40,2,0.0,1.0,30.222,55.0,258.0,554.0,5688.0,9462.0,9462.0,20,20,9,1,0.2571428571428571,0.45
460.tiff,canine soft tissue sarcoma,460,22577,47,-0.16041,0.98334,0.24816562612969095,od31,od31,True,-1.5,True,False,35,40,15601,0.9304,40,2,0.0,1.0,30.222,55.0,258.0,554.0,5688.0,9462.0,9462.0,30,30,11,1,0.3142857142857143,0.36666666666666664
460.tiff,canine soft tissue sarcoma,460,22577,47,-0.16041,0.98334,0.24816562612969095,od31,od31,True,-1.5,True,False,35,40,15601,0.9304,40,2,0.0,1.0,30.222,55.0,258.0,554.0,5688.0,9462.0,9462.0,50,50,16,3,0.45714285714285713,0.32
460.tiff,canine soft tissue sarcoma,460,22577,47,-0.16041,0.98334,0.24816562612969095,od_falloff,od_falloff,True,-1.5,True,False,35,40,15601,0.9304,40,2,0.0,1.0,30.222,419.0,1702.0,2436.0,3837.0,4546.0,4546.0,10,10,3,1,0.08571428571428572,0.3
460.tiff,canine soft tissue sarcoma,460,22577,47,-0.16041,0.98334,0.24816562612969095,od_falloff,od_falloff,True,-1.5,True,False,35,40,15601,0.9304,40,2,0.0,1.0,30.222,419.0,1702.0,2436.0,3837.0,4546.0,4546.0,20,20,4,1,0.11428571428571428,0.2
460.tiff,canine soft tissue sarcoma,460,22577,47,-0.16041,0.98334,0.24816562612969095,od_falloff,od_falloff,True,-1.5,True,False,35,40,15601,0.9304,40,2,0.0,1.0,30.222,419.0,1702.0,2436.0,3837.0,4546.0,4546.0,30,30,4,1,0.11428571428571428,0.13333333333333333
460.tiff,canine soft tissue sarcoma,460,22577,47,-0.16041,0.98334,0.24816562612969095,od_falloff,od_falloff,True,-1.5,True,False,35,40,15601,0.9304,40,2,0.0,1.0,30.222,419.0,1702.0,2436.0,3837.0,4546.0,4546.0,50,50,7,1,0.2,0.14
460.tiff,canine soft tissue sarcoma,460,22577,47,-0.16041,0.98334,0.24816562612969095,mask_od_mean,mask_od_mean,True,-1.5,True,False,35,40,15601,0.9304,40,3,0.0,1.0,30.222,71.0,157.0,509.0,3360.0,13412.0,13412.0,10,10,2,0,0.05714285714285714,0.2
460.tiff,canine soft tissue sarcoma,460,22577,47,-0.16041,0.98334,0.24816562612969095,mask_od_mean,mask_od_mean,True,-1.5,True,False,35,40,15601,0.9304,40,3,0.0,1.0,30.222,71.0,157.0,509.0,3360.0,13412.0,13412.0,20,20,7,1,0.2,0.35
460.tiff,canine soft tissue sarcoma,460,22577,47,-0.16041,0.98334,0.24816562612969095,mask_od_mean,mask_od_mean,True,-1.5,True,False,35,40,15601,0.9304,40,3,0.0,1.0,30.222,71.0,157.0,509.0,3360.0,13412.0,13412.0,30,30,10,4,0.2857142857142857,0.3333333333333333
460.tiff,canine soft tissue sarcoma,460,22577,47,-0.16041,0.98334,0.24816562612969095,mask_od_mean,mask_od_mean,True,-1.5,True,False,35,40,15601,0.9304,40,3,0.0,1.0,30.222,71.0,157.0,509.0,3360.0,13412.0,13412.0,50,50,15,4,0.42857142857142855,0.3
460.tiff,canine soft tissue sarcoma,460,22577,47,-0.16041,0.98334,0.24816562612969095,od_contrast,od_contrast,True,-1.5,True,False,35,40,15601,0.9304,40,2,0.0,1.0,30.222,54.0,337.0,1016.0,5220.0,11065.0,11065.0,10,10,10,0,0.2857142857142857,1.0
460.tiff,canine soft tissue sarcoma,460,22577,47,-0.16041,0.98334,0.24816562612969095,od_contrast,od_contrast,True,-1.5,True,False,35,40,15601,0.9304,40,2,0.0,1.0,30.222,54.0,337.0,1016.0,5220.0,11065.0,11065.0,20,20,13,2,0.37142857142857144,0.65
460.tiff,canine soft tissue sarcoma,460,22577,47,-0.16041,0.98334,0.24816562612969095,od_contrast,od_contrast,True,-1.5,True,False,35,40,15601,0.9304,40,2,0.0,1.0,30.222,54.0,337.0,1016.0,5220.0,11065.0,11065.0,30,30,15,5,0.42857142857142855,0.5
460.tiff,canine soft tissue sarcoma,460,22577,47,-0.16041,0.98334,0.24816562612969095,od_contrast,od_contrast,True,-1.5,True,False,35,40,15601,0.9304,40,2,0.0,1.0,30.222,54.0,337.0,1016.0,5220.0,11065.0,11065.0,50,50,17,8,0.4857142857142857,0.34
529.tiff,human melanoma,529,24918,37,-0.05079,0.28689,0.2268329263261596,tm_score,score,True,-1.5,True,False,19,25,16625,0.9441,25,2,0.0,1.0,33.064,133.0,1188.0,1775.0,1844.0,1844.0,1844.0,10,10,3,2,0.15789473684210525,0.3
529.tiff,human melanoma,529,24918,37,-0.05079,0.28689,0.2268329263261596,tm_score,score,True,-1.5,True,False,19,25,16625,0.9441,25,2,0.0,1.0,33.064,133.0,1188.0,1775.0,1844.0,1844.0,1844.0,20,20,4,2,0.21052631578947367,0.2
529.tiff,human melanoma,529,24918,37,-0.05079,0.28689,0.2268329263261596,tm_score,score,True,-1.5,True,False,19,25,16625,0.9441,25,2,0.0,1.0,33.064,133.0,1188.0,1775.0,1844.0,1844.0,1844.0,30,30,5,4,0.2631578947368421,0.16666666666666666
529.tiff,human melanoma,529,24918,37,-0.05079,0.28689,0.2268329263261596,tm_score,score,True,-1.5,True,False,19,25,16625,0.9441,25,2,0.0,1.0,33.064,133.0,1188.0,1775.0,1844.0,1844.0,1844.0,50,50,6,5,0.3157894736842105,0.12
529.tiff,human melanoma,529,24918,37,-0.05079,0.28689,0.2268329263261596,chromatin_od,od51,True,-1.5,True,False,19,25,16625,0.9441,25,2,0.0,1.0,33.064,24.0,755.0,1381.0,1782.0,1782.0,1782.0,10,10,7,3,0.3684210526315789,0.7
529.tiff,human melanoma,529,24918,37,-0.05079,0.28689,0.2268329263261596,chromatin_od,od51,True,-1.5,True,False,19,25,16625,0.9441,25,2,0.0,1.0,33.064,24.0,755.0,1381.0,1782.0,1782.0,1782.0,20,20,9,3,0.47368421052631576,0.45
529.tiff,human melanoma,529,24918,37,-0.05079,0.28689,0.2268329263261596,chromatin_od,od51,True,-1.5,True,False,19,25,16625,0.9441,25,2,0.0,1.0,33.064,24.0,755.0,1381.0,1782.0,1782.0,1782.0,30,30,11,4,0.5789473684210527,0.36666666666666664
529.tiff,human melanoma,529,24918,37,-0.05079,0.28689,0.2268329263261596,chromatin_od,od51,True,-1.5,True,False,19,25,16625,0.9441,25,2,0.0,1.0,33.064,24.0,755.0,1381.0,1782.0,1782.0,1782.0,50,50,11,6,0.5789473684210527,0.22
529.tiff,human melanoma,529,24918,37,-0.05079,0.28689,0.2268329263261596,od31,od31,True,-1.5,True,False,19,25,16625,0.9441,25,2,0.0,1.0,33.064,19.0,382.0,900.0,1660.0,1660.0,1660.0,10,10,5,3,0.2631578947368421,0.5
529.tiff,human melanoma,529,24918,37,-0.05079,0.28689,0.2268329263261596,od31,od31,True,-1.5,True,False,19,25,16625,0.9441,25,2,0.0,1.0,33.064,19.0,382.0,900.0,1660.0,1660.0,1660.0,20,20,10,3,0.5263157894736842,0.5
529.tiff,human melanoma,529,24918,37,-0.05079,0.28689,0.2268329263261596,od31,od31,True,-1.5,True,False,19,25,16625,0.9441,25,2,0.0,1.0,33.064,19.0,382.0,900.0,1660.0,1660.0,1660.0,30,30,12,4,0.631578947368421,0.4
529.tiff,human melanoma,529,24918,37,-0.05079,0.28689,0.2268329263261596,od31,od31,True,-1.5,True,False,19,25,16625,0.9441,25,2,0.0,1.0,33.064,19.0,382.0,900.0,1660.0,1660.0,1660.0,50,50,12,5,0.631578947368421,0.24
529.tiff,human melanoma,529,24918,37,-0.05079,0.28689,0.2268329263261596,od_falloff,od_falloff,True,-1.5,True,False,19,25,16625,0.9441,25,2,0.0,1.0,33.064,96.0,912.0,1497.0,3865.0,3865.0,3865.0,10,10,4,0,0.21052631578947367,0.4
529.tiff,human melanoma,529,24918,37,-0.05079,0.28689,0.2268329263261596,od_falloff,od_falloff,True,-1.5,True,False,19,25,16625,0.9441,25,2,0.0,1.0,33.064,96.0,912.0,1497.0,3865.0,3865.0,3865.0,20,20,4,0,0.21052631578947367,0.2
529.tiff,human melanoma,529,24918,37,-0.05079,0.28689,0.2268329263261596,od_falloff,od_falloff,True,-1.5,True,False,19,25,16625,0.9441,25,2,0.0,1.0,33.064,96.0,912.0,1497.0,3865.0,3865.0,3865.0,30,30,5,1,0.2631578947368421,0.16666666666666666
529.tiff,human melanoma,529,24918,37,-0.05079,0.28689,0.2268329263261596,od_falloff,od_falloff,True,-1.5,True,False,19,25,16625,0.9441,25,2,0.0,1.0,33.064,96.0,912.0,1497.0,3865.0,3865.0,3865.0,50,50,6,1,0.3157894736842105,0.12
529.tiff,human melanoma,529,24918,37,-0.05079,0.28689,0.2268329263261596,mask_od_mean,mask_od_mean,True,-1.5,True,False,19,25,16625,0.9441,25,2,0.0,1.0,33.064,22.0,657.0,686.0,1245.0,1245.0,1245.0,10,10,6,1,0.3157894736842105,0.6
529.tiff,human melanoma,529,24918,37,-0.05079,0.28689,0.2268329263261596,mask_od_mean,mask_od_mean,True,-1.5,True,False,19,25,16625,0.9441,25,2,0.0,1.0,33.064,22.0,657.0,686.0,1245.0,1245.0,1245.0,20,20,9,3,0.47368421052631576,0.45
529.tiff,human melanoma,529,24918,37,-0.05079,0.28689,0.2268329263261596,mask_od_mean,mask_od_mean,True,-1.5,True,False,19,25,16625,0.9441,25,2,0.0,1.0,33.064,22.0,657.0,686.0,1245.0,1245.0,1245.0,30,30,11,3,0.5789473684210527,0.36666666666666664
529.tiff,human melanoma,529,24918,37,-0.05079,0.28689,0.2268329263261596,mask_od_mean,mask_od_mean,True,-1.5,True,False,19,25,16625,0.9441,25,2,0.0,1.0,33.064,22.0,657.0,686.0,1245.0,1245.0,1245.0,50,50,12,3,0.631578947368421,0.24
529.tiff,human melanoma,529,24918,37,-0.05079,0.28689,0.2268329263261596,od_contrast,od_contrast,True,-1.5,True,False,19,25,16625,0.9441,25,2,0.0,1.0,33.064,15.0,480.0,1051.0,1286.0,1286.0,1286.0,10,10,6,2,0.3157894736842105,0.6
529.tiff,human melanoma,529,24918,37,-0.05079,0.28689,0.2268329263261596,od_contrast,od_contrast,True,-1.5,True,False,19,25,16625,0.9441,25,2,0.0,1.0,33.064,15.0,480.0,1051.0,1286.0,1286.0,1286.0,20,20,12,3,0.631578947368421,0.6
529.tiff,human melanoma,529,24918,37,-0.05079,0.28689,0.2268329263261596,od_contrast,od_contrast,True,-1.5,True,False,19,25,16625,0.9441,25,2,0.0,1.0,33.064,15.0,480.0,1051.0,1286.0,1286.0,1286.0,30,30,12,4,0.631578947368421,0.4
529.tiff,human melanoma,529,24918,37,-0.05079,0.28689,0.2268329263261596,od_contrast,od_contrast,True,-1.5,True,False,19,25,16625,0.9441,25,2,0.0,1.0,33.064,15.0,480.0,1051.0,1286.0,1286.0,1286.0,50,50,12,6,0.631578947368421,0.24
548.tiff,human melanoma,548,25804,29,-0.06174,0.5016,0.22744294261267478,tm_score,score,True,-1.5,True,False,238,118,17824,0.9629,118,2,0.0,1.0,32.975,227.0,540.0,780.0,1349.0,4617.0,16836.0,10,10,4,3,0.01680672268907563,0.4
548.tiff,human melanoma,548,25804,29,-0.06174,0.5016,0.22744294261267478,tm_score,score,True,-1.5,True,False,238,118,17824,0.9629,118,2,0.0,1.0,32.975,227.0,540.0,780.0,1349.0,4617.0,16836.0,20,20,10,5,0.04201680672268908,0.5
548.tiff,human melanoma,548,25804,29,-0.06174,0.5016,0.22744294261267478,tm_score,score,True,-1.5,True,False,238,118,17824,0.9629,118,2,0.0,1.0,32.975,227.0,540.0,780.0,1349.0,4617.0,16836.0,30,30,16,7,0.06722689075630252,0.5333333333333333
548.tiff,human melanoma,548,25804,29,-0.06174,0.5016,0.22744294261267478,tm_score,score,True,-1.5,True,False,238,118,17824,0.9629,118,2,0.0,1.0,32.975,227.0,540.0,780.0,1349.0,4617.0,16836.0,50,50,29,12,0.12184873949579832,0.58
548.tiff,human melanoma,548,25804,29,-0.06174,0.5016,0.22744294261267478,chromatin_od,od51,True,-1.5,True,False,238,118,17824,0.9629,118,2,0.0,1.0,32.975,178.0,442.0,1316.0,3955.0,7210.0,12590.0,10,10,8,2,0.03361344537815126,0.8
548.tiff,human melanoma,548,25804,29,-0.06174,0.5016,0.22744294261267478,chromatin_od,od51,True,-1.5,True,False,238,118,17824,0.9629,118,2,0.0,1.0,32.975,178.0,442.0,1316.0,3955.0,7210.0,12590.0,20,20,16,4,0.06722689075630252,0.8
548.tiff,human melanoma,548,25804,29,-0.06174,0.5016,0.22744294261267478,chromatin_od,od51,True,-1.5,True,False,238,118,17824,0.9629,118,2,0.0,1.0,32.975,178.0,442.0,1316.0,3955.0,7210.0,12590.0,30,30,22,5,0.09243697478991597,0.7333333333333333
548.tiff,human melanoma,548,25804,29,-0.06174,0.5016,0.22744294261267478,chromatin_od,od51,True,-1.5,True,False,238,118,17824,0.9629,118,2,0.0,1.0,32.975,178.0,442.0,1316.0,3955.0,7210.0,12590.0,50,50,38,7,0.15966386554621848,0.76
548.tiff,human melanoma,548,25804,29,-0.06174,0.5016,0.22744294261267478,od31,od31,True,-1.5,True,False,238,118,17824,0.9629,118,2,0.0,1.0,32.975,192.0,411.0,653.0,1271.0,4177.0,14300.0,10,10,5,3,0.02100840336134454,0.5
548.tiff,human melanoma,548,25804,29,-0.06174,0.5016,0.22744294261267478,od31,od31,True,-1.5,True,False,238,118,17824,0.9629,118,2,0.0,1.0,32.975,192.0,411.0,653.0,1271.0,4177.0,14300.0,20,20,15,3,0.06302521008403361,0.75
548.tiff,human melanoma,548,25804,29,-0.06174,0.5016,0.22744294261267478,od31,od31,True,-1.5,True,False,238,118,17824,0.9629,118,2,0.0,1.0,32.975,192.0,411.0,653.0,1271.0,4177.0,14300.0,30,30,22,4,0.09243697478991597,0.7333333333333333
548.tiff,human melanoma,548,25804,29,-0.06174,0.5016,0.22744294261267478,od31,od31,True,-1.5,True,False,238,118,17824,0.9629,118,2,0.0,1.0,32.975,192.0,411.0,653.0,1271.0,4177.0,14300.0,50,50,31,9,0.13025210084033614,0.62
548.tiff,human melanoma,548,25804,29,-0.06174,0.5016,0.22744294261267478,od_falloff,od_falloff,True,-1.5,True,False,238,118,17824,0.9629,118,2,0.0,1.0,32.975,227.0,416.0,652.0,1446.0,4845.0,17460.0,10,10,2,2,0.008403361344537815,0.2
548.tiff,human melanoma,548,25804,29,-0.06174,0.5016,0.22744294261267478,od_falloff,od_falloff,True,-1.5,True,False,238,118,17824,0.9629,118,2,0.0,1.0,32.975,227.0,416.0,652.0,1446.0,4845.0,17460.0,20,20,8,3,0.03361344537815126,0.4
548.tiff,human melanoma,548,25804,29,-0.06174,0.5016,0.22744294261267478,od_falloff,od_falloff,True,-1.5,True,False,238,118,17824,0.9629,118,2,0.0,1.0,32.975,227.0,416.0,652.0,1446.0,4845.0,17460.0,30,30,13,3,0.0546218487394958,0.43333333333333335
548.tiff,human melanoma,548,25804,29,-0.06174,0.5016,0.22744294261267478,od_falloff,od_falloff,True,-1.5,True,False,238,118,17824,0.9629,118,2,0.0,1.0,32.975,227.0,416.0,652.0,1446.0,4845.0,17460.0,50,50,21,10,0.08823529411764706,0.42
548.tiff,human melanoma,548,25804,29,-0.06174,0.5016,0.22744294261267478,mask_od_mean,mask_od_mean,True,-1.5,True,False,238,118,17824,0.9629,118,2,0.0,1.0,32.975,239.0,452.0,611.0,946.0,2944.0,3100.0,10,10,3,1,0.012605042016806723,0.3
548.tiff,human melanoma,548,25804,29,-0.06174,0.5016,0.22744294261267478,mask_od_mean,mask_od_mean,True,-1.5,True,False,238,118,17824,0.9629,118,2,0.0,1.0,32.975,239.0,452.0,611.0,946.0,2944.0,3100.0,20,20,5,2,0.02100840336134454,0.25
548.tiff,human melanoma,548,25804,29,-0.06174,0.5016,0.22744294261267478,mask_od_mean,mask_od_mean,True,-1.5,True,False,238,118,17824,0.9629,118,2,0.0,1.0,32.975,239.0,452.0,611.0,946.0,2944.0,3100.0,30,30,10,4,0.04201680672268908,0.3333333333333333
548.tiff,human melanoma,548,25804,29,-0.06174,0.5016,0.22744294261267478,mask_od_mean,mask_od_mean,True,-1.5,True,False,238,118,17824,0.9629,118,2,0.0,1.0,32.975,239.0,452.0,611.0,946.0,2944.0,3100.0,50,50,20,8,0.08403361344537816,0.4
548.tiff,human melanoma,548,25804,29,-0.06174,0.5016,0.22744294261267478,od_contrast,od_contrast,True,-1.5,True,False,238,118,17824,0.9629,118,2,0.0,1.0,32.975,174.0,414.0,1020.0,2467.0,6224.0,12152.0,10,10,9,0,0.037815126050420166,0.9
548.tiff,human melanoma,548,25804,29,-0.06174,0.5016,0.22744294261267478,od_contrast,od_contrast,True,-1.5,True,False,238,118,17824,0.9629,118,2,0.0,1.0,32.975,174.0,414.0,1020.0,2467.0,6224.0,12152.0,20,20,16,3,0.06722689075630252,0.8
548.tiff,human melanoma,548,25804,29,-0.06174,0.5016,0.22744294261267478,od_contrast,od_contrast,True,-1.5,True,False,238,118,17824,0.9629,118,2,0.0,1.0,32.975,174.0,414.0,1020.0,2467.0,6224.0,12152.0,30,30,24,4,0.10084033613445378,0.8
548.tiff,human melanoma,548,25804,29,-0.06174,0.5016,0.22744294261267478,od_contrast,od_contrast,True,-1.5,True,False,238,118,17824,0.9629,118,2,0.0,1.0,32.975,174.0,414.0,1020.0,2467.0,6224.0,12152.0,50,50,40,6,0.16806722689075632,0.8
