check,label,n_gt,n_excluded,n_excluded_strict,excluded_ann_ids,passed,n_items,caps,n_seeds,n_distinct_ann,pool_size,n_distinct_streams,n_direct,n_filtered,file_name,seed_index,method,z
tissue_mask_covers_gt,300.tiff,266.0,0.0,0.0,,True,,,,,,,,,,,,
no_cap,300.tiff/tm_ccoeff,,,,,True,15700.0,"(250000, 1000000000)",,,,,,,,,,
no_cap,300.tiff/tm_ccoeff_od,,,,,True,15700.0,"(250000, 1000000000)",,,,,,,,,,
no_cap,300.tiff/tm_ccoeff@matched,,,,,True,15700.0,(),,,,,,,,,,
no_cap,300.tiff/tm_ccoeff_normed,,,,,True,16238.0,"(250000, 1000000000)",,,,,,,,,,
no_cap,300.tiff/tm_ccoeff_normed_od,,,,,True,16238.0,"(250000, 1000000000)",,,,,,,,,,
no_cap,300.tiff/tm_ccoeff_normed@matched,,,,,True,15700.0,(),,,,,,,,,,
no_cap,300.tiff/blob_native,,,,,True,17376.0,(),,,,,,,,,,
no_cap,300.tiff/blob_od,,,,,True,17376.0,(),,,,,,,,,,
no_cap,300.tiff/blob_native@matched,,,,,True,15700.0,(),,,,,,,,,,
no_cap,300.tiff/disc_ccoeff,,,,,True,13300.0,(),,,,,,,,,,
no_cap,300.tiff/disc_ccoeff_od,,,,,True,13300.0,(),,,,,,,,,,
no_cap,300.tiff/disc_ccoeff@matched,,,,,True,13300.0,(),,,,,,,,,,
no_cap,300.tiff/disc_ccoeff_normed,,,,,True,14029.0,(),,,,,,,,,,
no_cap,300.tiff/disc_ccoeff_normed_od,,,,,True,14029.0,(),,,,,,,,,,
no_cap,300.tiff/disc_ccoeff_normed@matched,,,,,True,14029.0,(),,,,,,,,,,
no_cap,300.tiff/pipeline_as_shipped,,,,,True,15647.0,(),,,,,,,,,,
no_cap,300.tiff/tm_ccoeff,,,,,True,16180.0,"(250000, 1000000000)",,,,,,,,,,
no_cap,300.tiff/tm_ccoeff_od,,,,,True,16180.0,"(250000, 1000000000)",,,,,,,,,,
no_cap,300.tiff/tm_ccoeff@matched,,,,,True,16180.0,(),,,,,,,,,,
no_cap,300.tiff/tm_ccoeff_normed,,,,,True,16754.0,"(250000, 1000000000)",,,,,,,,,,
no_cap,300.tiff/tm_ccoeff_normed_od,,,,,True,16754.0,"(250000, 1000000000)",,,,,,,,,,
no_cap,300.tiff/tm_ccoeff_normed@matched,,,,,True,16180.0,(),,,,,,,,,,
no_cap,300.tiff/blob_native,,,,,True,17376.0,(),,,,,,,,,,
no_cap,300.tiff/blob_od,,,,,True,17376.0,(),,,,,,,,,,
no_cap,300.tiff/blob_native@matched,,,,,True,16180.0,(),,,,,,,,,,
no_cap,300.tiff/disc_ccoeff,,,,,True,13300.0,(),,,,,,,,,,
no_cap,300.tiff/disc_ccoeff_od,,,,,True,13300.0,(),,,,,,,,,,
no_cap,300.tiff/disc_ccoeff@matched,,,,,True,13300.0,(),,,,,,,,,,
no_cap,300.tiff/disc_ccoeff_normed,,,,,True,14029.0,(),,,,,,,,,,
no_cap,300.tiff/disc_ccoeff_normed_od,,,,,True,14029.0,(),,,,,,,,,,
no_cap,300.tiff/disc_ccoeff_normed@matched,,,,,True,14029.0,(),,,,,,,,,,
no_cap,300.tiff/pipeline_as_shipped,,,,,True,18075.0,(),,,,,,,,,,
no_cap,300.tiff/tm_ccoeff,,,,,True,16241.0,"(250000, 1000000000)",,,,,,,,,,
no_cap,300.tiff/tm_ccoeff_od,,,,,True,16241.0,"(250000, 1000000000)",,,,,,,,,,
no_cap,300.tiff/tm_ccoeff@matched,,,,,True,16241.0,(),,,,,,,,,,
no_cap,300.tiff/tm_ccoeff_normed,,,,,True,16796.0,"(250000, 1000000000)",,,,,,,,,,
no_cap,300.tiff/tm_ccoeff_normed_od,,,,,True,16796.0,"(250000, 1000000000)",,,,,,,,,,
no_cap,300.tiff/tm_ccoeff_normed@matched,,,,,True,16241.0,(),,,,,,,,,,
no_cap,300.tiff/blob_native,,,,,True,17376.0,(),,,,,,,,,,
no_cap,300.tiff/blob_od,,,,,True,17376.0,(),,,,,,,,,,
no_cap,300.tiff/blob_native@matched,,,,,True,16241.0,(),,,,,,,,,,
no_cap,300.tiff/disc_ccoeff,,,,,True,13300.0,(),,,,,,,,,,
no_cap,300.tiff/disc_ccoeff_od,,,,,True,13300.0,(),,,,,,,,,,
no_cap,300.tiff/disc_ccoeff@matched,,,,,True,13300.0,(),,,,,,,,,,
no_cap,300.tiff/disc_ccoeff_normed,,,,,True,14029.0,(),,,,,,,,,,
no_cap,300.tiff/disc_ccoeff_normed_od,,,,,True,14029.0,(),,,,,,,,,,
no_cap,300.tiff/disc_ccoeff_normed@matched,,,,,True,14029.0,(),,,,,,,,,,
no_cap,300.tiff/pipeline_as_shipped,,,,,True,16181.0,(),,,,,,,,,,
no_cap,300.tiff/tm_ccoeff,,,,,True,16506.0,"(250000, 1000000000)",,,,,,,,,,
no_cap,300.tiff/tm_ccoeff_od,,,,,True,16506.0,"(250000, 1000000000)",,,,,,,,,,
no_cap,300.tiff/tm_ccoeff@matched,,,,,True,16506.0,(),,,,,,,,,,
no_cap,300.tiff/tm_ccoeff_normed,,,,,True,17019.0,"(250000, 1000000000)",,,,,,,,,,
no_cap,300.tiff/tm_ccoeff_normed_od,,,,,True,17019.0,"(250000, 1000000000)",,,,,,,,,,
no_cap,300.tiff/tm_ccoeff_normed@matched,,,,,True,16506.0,(),,,,,,,,,,
no_cap,300.tiff/blob_native,,,,,True,17376.0,(),,,,,,,,,,
no_cap,300.tiff/blob_od,,,,,True,17376.0,(),,,,,,,,,,
no_cap,300.tiff/blob_native@matched,,,,,True,16506.0,(),,,,,,,,,,
no_cap,300.tiff/disc_ccoeff,,,,,True,13300.0,(),,,,,,,,,,
no_cap,300.tiff/disc_ccoeff_od,,,,,True,13300.0,(),,,,,,,,,,
no_cap,300.tiff/disc_ccoeff@matched,,,,,True,13300.0,(),,,,,,,,,,
no_cap,300.tiff/disc_ccoeff_normed,,,,,True,14029.0,(),,,,,,,,,,
no_cap,300.tiff/disc_ccoeff_normed_od,,,,,True,14029.0,(),,,,,,,,,,
no_cap,300.tiff/disc_ccoeff_normed@matched,,,,,True,14029.0,(),,,,,,,,,,
no_cap,300.tiff/pipeline_as_shipped,,,,,True,17857.0,(),,,,,,,,,,
no_cap,300.tiff/tm_ccoeff,,,,,True,16679.0,"(250000, 1000000000)",,,,,,,,,,
no_cap,300.tiff/tm_ccoeff_od,,,,,True,16679.0,"(250000, 1000000000)",,,,,,,,,,
no_cap,300.tiff/tm_ccoeff@matched,,,,,True,16679.0,(),,,,,,,,,,
no_cap,300.tiff/tm_ccoeff_normed,,,,,True,17196.0,"(250000, 1000000000)",,,,,,,,,,
no_cap,300.tiff/tm_ccoeff_normed_od,,,,,True,17196.0,"(250000, 1000000000)",,,,,,,,,,
no_cap,300.tiff/tm_ccoeff_normed@matched,,,,,True,16679.0,(),,,,,,,,,,
no_cap,300.tiff/blob_native,,,,,True,17376.0,(),,,,,,,,,,
no_cap,300.tiff/blob_od,,,,,True,17376.0,(),,,,,,,,,,
no_cap,300.tiff/blob_native@matched,,,,,True,16679.0,(),,,,,,,,,,
no_cap,300.tiff/disc_ccoeff,,,,,True,13300.0,(),,,,,,,,,,
no_cap,300.tiff/disc_ccoeff_od,,,,,True,13300.0,(),,,,,,,,,,
no_cap,300.tiff/disc_ccoeff@matched,,,,,True,13300.0,(),,,,,,,,,,
no_cap,300.tiff/disc_ccoeff_normed,,,,,True,14029.0,(),,,,,,,,,,
no_cap,300.tiff/disc_ccoeff_normed_od,,,,,True,14029.0,(),,,,,,,,,,
no_cap,300.tiff/disc_ccoeff_normed@matched,,,,,True,14029.0,(),,,,,,,,,,
no_cap,300.tiff/pipeline_as_shipped,,,,,True,17576.0,(),,,,,,,,,,
distinct_seeds,300.tiff,,,,,True,,,5.0,5.0,127.0,5.0,,,,,,
no_cap,300.tiff/lookalike_ccoeff,,,,,True,16747.0,"(250000, 1000000000)",,,,,,,,,,
no_cap,300.tiff/lookalike_ccoeff_od,,,,,True,16747.0,"(250000, 1000000000)",,,,,,,,,,
no_cap,300.tiff/lookalike_ccoeff@matched,,,,,True,16747.0,(),,,,,,,,,,
no_cap,300.tiff/lookalike_ccoeff_normed,,,,,True,17160.0,"(250000, 1000000000)",,,,,,,,,,
no_cap,300.tiff/lookalike_ccoeff_normed_od,,,,,True,17160.0,"(250000, 1000000000)",,,,,,,,,,
no_cap,300.tiff/lookalike_ccoeff_normed@matched,,,,,True,16747.0,(),,,,,,,,,,
tissue_mask_covers_gt,301.tiff,327.0,0.0,0.0,,True,,,,,,,,,,,,
no_cap,301.tiff/tm_ccoeff,,,,,True,16871.0,"(250000, 1000000000)",,,,,,,,,,
no_cap,301.tiff/tm_ccoeff_od,,,,,True,16871.0,"(250000, 1000000000)",,,,,,,,,,
no_cap,301.tiff/tm_ccoeff@matched,,,,,True,16871.0,(),,,,,,,,,,
no_cap,301.tiff/tm_ccoeff_normed,,,,,True,17201.0,"(250000, 1000000000)",,,,,,,,,,
no_cap,301.tiff/tm_ccoeff_normed_od,,,,,True,17201.0,"(250000, 1000000000)",,,,,,,,,,
no_cap,301.tiff/tm_ccoeff_normed@matched,,,,,True,16871.0,(),,,,,,,,,,
no_cap,301.tiff/blob_native,,,,,True,20370.0,(),,,,,,,,,,
no_cap,301.tiff/blob_od,,,,,True,20370.0,(),,,,,,,,,,
no_cap,301.tiff/blob_native@matched,,,,,True,16871.0,(),,,,,,,,,,
no_cap,301.tiff/disc_ccoeff,,,,,True,14300.0,(),,,,,,,,,,
no_cap,301.tiff/disc_ccoeff_od,,,,,True,14300.0,(),,,,,,,,,,
no_cap,301.tiff/disc_ccoeff@matched,,,,,True,14300.0,(),,,,,,,,,,
no_cap,301.tiff/disc_ccoeff_normed,,,,,True,14614.0,(),,,,,,,,,,
no_cap,301.tiff/disc_ccoeff_normed_od,,,,,True,14614.0,(),,,,,,,,,,
no_cap,301.tiff/disc_ccoeff_normed@matched,,,,,True,14614.0,(),,,,,,,,,,
no_cap,301.tiff/pipeline_as_shipped,,,,,True,17255.0,(),,,,,,,,,,
no_cap,301.tiff/tm_ccoeff,,,,,True,18023.0,"(250000, 1000000000)",,,,,,,,,,
no_cap,301.tiff/tm_ccoeff_od,,,,,True,18023.0,"(250000, 1000000000)",,,,,,,,,,
no_cap,301.tiff/tm_ccoeff@matched,,,,,True,18023.0,(),,,,,,,,,,
no_cap,301.tiff/tm_ccoeff_normed,,,,,True,18091.0,"(250000, 1000000000)",,,,,,,,,,
no_cap,301.tiff/tm_ccoeff_normed_od,,,,,True,18091.0,"(250000, 1000000000)",,,,,,,,,,
no_cap,301.tiff/tm_ccoeff_normed@matched,,,,,True,18023.0,(),,,,,,,,,,
no_cap,301.tiff/blob_native,,,,,True,20370.0,(),,,,,,,,,,
no_cap,301.tiff/blob_od,,,,,True,20370.0,(),,,,,,,,,,
no_cap,301.tiff/blob_native@matched,,,,,True,18023.0,(),,,,,,,,,,
no_cap,301.tiff/disc_ccoeff,,,,,True,14300.0,(),,,,,,,,,,
no_cap,301.tiff/disc_ccoeff_od,,,,,True,14300.0,(),,,,,,,,,,
no_cap,301.tiff/disc_ccoeff@matched,,,,,True,14300.0,(),,,,,,,,,,
no_cap,301.tiff/disc_ccoeff_normed,,,,,True,14614.0,(),,,,,,,,,,
no_cap,301.tiff/disc_ccoeff_normed_od,,,,,True,14614.0,(),,,,,,,,,,
no_cap,301.tiff/disc_ccoeff_normed@matched,,,,,True,14614.0,(),,,,,,,,,,
no_cap,301.tiff/pipeline_as_shipped,,,,,True,16740.0,(),,,,,,,,,,
no_cap,301.tiff/tm_ccoeff,,,,,True,17941.0,"(250000, 1000000000)",,,,,,,,,,
no_cap,301.tiff/tm_ccoeff_od,,,,,True,17941.0,"(250000, 1000000000)",,,,,,,,,,
no_cap,301.tiff/tm_ccoeff@matched,,,,,True,17941.0,(),,,,,,,,,,
no_cap,301.tiff/tm_ccoeff_normed,,,,,True,18099.0,"(250000, 1000000000)",,,,,,,,,,
no_cap,301.tiff/tm_ccoeff_normed_od,,,,,True,18099.0,"(250000, 1000000000)",,,,,,,,,,
no_cap,301.tiff/tm_ccoeff_normed@matched,,,,,True,17941.0,(),,,,,,,,,,
no_cap,301.tiff/blob_native,,,,,True,20370.0,(),,,,,,,,,,
no_cap,301.tiff/blob_od,,,,,True,20370.0,(),,,,,,,,,,
no_cap,301.tiff/blob_native@matched,,,,,True,17941.0,(),,,,,,,,,,
no_cap,301.tiff/disc_ccoeff,,,,,True,14300.0,(),,,,,,,,,,
no_cap,301.tiff/disc_ccoeff_od,,,,,True,14300.0,(),,,,,,,,,,
no_cap,301.tiff/disc_ccoeff@matched,,,,,True,14300.0,(),,,,,,,,,,
no_cap,301.tiff/disc_ccoeff_normed,,,,,True,14614.0,(),,,,,,,,,,
no_cap,301.tiff/disc_ccoeff_normed_od,,,,,True,14614.0,(),,,,,,,,,,
no_cap,301.tiff/disc_ccoeff_normed@matched,,,,,True,14614.0,(),,,,,,,,,,
no_cap,301.tiff/pipeline_as_shipped,,,,,True,17681.0,(),,,,,,,,,,
no_cap,301.tiff/tm_ccoeff,,,,,True,17503.0,"(250000, 1000000000)",,,,,,,,,,
no_cap,301.tiff/tm_ccoeff_od,,,,,True,17503.0,"(250000, 1000000000)",,,,,,,,,,
no_cap,301.tiff/tm_ccoeff@matched,,,,,True,17503.0,(),,,,,,,,,,
no_cap,301.tiff/tm_ccoeff_normed,,,,,True,17512.0,"(250000, 1000000000)",,,,,,,,,,
no_cap,301.tiff/tm_ccoeff_normed_od,,,,,True,17512.0,"(250000, 1000000000)",,,,,,,,,,
no_cap,301.tiff/tm_ccoeff_normed@matched,,,,,True,17503.0,(),,,,,,,,,,
no_cap,301.tiff/blob_native,,,,,True,20370.0,(),,,,,,,,,,
no_cap,301.tiff/blob_od,,,,,True,20370.0,(),,,,,,,,,,
no_cap,301.tiff/blob_native@matched,,,,,True,17503.0,(),,,,,,,,,,
no_cap,301.tiff/disc_ccoeff,,,,,True,14300.0,(),,,,,,,,,,
no_cap,301.tiff/disc_ccoeff_od,,,,,True,14300.0,(),,,,,,,,,,
no_cap,301.tiff/disc_ccoeff@matched,,,,,True,14300.0,(),,,,,,,,,,
no_cap,301.tiff/disc_ccoeff_normed,,,,,True,14614.0,(),,,,,,,,,,
no_cap,301.tiff/disc_ccoeff_normed_od,,,,,True,14614.0,(),,,,,,,,,,
no_cap,301.tiff/disc_ccoeff_normed@matched,,,,,True,14614.0,(),,,,,,,,,,
no_cap,301.tiff/pipeline_as_shipped,,,,,True,17683.0,(),,,,,,,,,,
no_cap,301.tiff/tm_ccoeff,,,,,True,16783.0,"(250000, 1000000000)",,,,,,,,,,
no_cap,301.tiff/tm_ccoeff_od,,,,,True,16783.0,"(250000, 1000000000)",,,,,,,,,,
no_cap,301.tiff/tm_ccoeff@matched,,,,,True,16783.0,(),,,,,,,,,,
no_cap,301.tiff/tm_ccoeff_normed,,,,,True,17180.0,"(250000, 1000000000)",,,,,,,,,,
no_cap,301.tiff/tm_ccoeff_normed_od,,,,,True,17180.0,"(250000, 1000000000)",,,,,,,,,,
no_cap,301.tiff/tm_ccoeff_normed@matched,,,,,True,16783.0,(),,,,,,,,,,
no_cap,301.tiff/blob_native,,,,,True,20370.0,(),,,,,,,,,,
no_cap,301.tiff/blob_od,,,,,True,20370.0,(),,,,,,,,,,
no_cap,301.tiff/blob_native@matched,,,,,True,16783.0,(),,,,,,,,,,
no_cap,301.tiff/disc_ccoeff,,,,,True,14300.0,(),,,,,,,,,,
no_cap,301.tiff/disc_ccoeff_od,,,,,True,14300.0,(),,,,,,,,,,
no_cap,301.tiff/disc_ccoeff@matched,,,,,True,14300.0,(),,,,,,,,,,
no_cap,301.tiff/disc_ccoeff_normed,,,,,True,14614.0,(),,,,,,,,,,
no_cap,301.tiff/disc_ccoeff_normed_od,,,,,True,14614.0,(),,,,,,,,,,
no_cap,301.tiff/disc_ccoeff_normed@matched,,,,,True,14614.0,(),,,,,,,,,,
no_cap,301.tiff/pipeline_as_shipped,,,,,True,17696.0,(),,,,,,,,,,
distinct_seeds,301.tiff,,,,,True,,,5.0,5.0,162.0,5.0,,,,,,
no_cap,301.tiff/lookalike_ccoeff,,,,,True,15524.0,"(250000, 1000000000)",,,,,,,,,,
no_cap,301.tiff/lookalike_ccoeff_od,,,,,True,15524.0,"(250000, 1000000000)",,,,,,,,,,
no_cap,301.tiff/lookalike_ccoeff@matched,,,,,True,15524.0,(),,,,,,,,,,
no_cap,301.tiff/lookalike_ccoeff_normed,,,,,True,15936.0,"(250000, 1000000000)",,,,,,,,,,
no_cap,301.tiff/lookalike_ccoeff_normed_od,,,,,True,15936.0,"(250000, 1000000000)",,,,,,,,,,
no_cap,301.tiff/lookalike_ccoeff_normed@matched,,,,,True,15524.0,(),,,,,,,,,,
tissue_mask_covers_gt,201.tiff,67.0,0.0,0.0,,True,,,,,,,,,,,,
no_cap,201.tiff/tm_ccoeff,,,,,True,14330.0,"(250000, 1000000000)",,,,,,,,,,
no_cap,201.tiff/tm_ccoeff_od,,,,,True,14330.0,"(250000, 1000000000)",,,,,,,,,,
no_cap,201.tiff/tm_ccoeff@matched,,,,,True,12446.0,(),,,,,,,,,,
no_cap,201.tiff/tm_ccoeff_normed,,,,,True,14772.0,"(250000, 1000000000)",,,,,,,,,,
no_cap,201.tiff/tm_ccoeff_normed_od,,,,,True,14772.0,"(250000, 1000000000)",,,,,,,,,,
no_cap,201.tiff/tm_ccoeff_normed@matched,,,,,True,12446.0,(),,,,,,,,,,
no_cap,201.tiff/blob_native,,,,,True,12446.0,(),,,,,,,,,,
no_cap,201.tiff/blob_od,,,,,True,12446.0,(),,,,,,,,,,
no_cap,201.tiff/blob_native@matched,,,,,True,12446.0,(),,,,,,,,,,
no_cap,201.tiff/disc_ccoeff,,,,,True,12716.0,(),,,,,,,,,,
no_cap,201.tiff/disc_ccoeff_od,,,,,True,12716.0,(),,,,,,,,,,
no_cap,201.tiff/disc_ccoeff@matched,,,,,True,12446.0,(),,,,,,,,,,
no_cap,201.tiff/disc_ccoeff_normed,,,,,True,13109.0,(),,,,,,,,,,
no_cap,201.tiff/disc_ccoeff_normed_od,,,,,True,13109.0,(),,,,,,,,,,
no_cap,201.tiff/disc_ccoeff_normed@matched,,,,,True,12446.0,(),,,,,,,,,,
no_cap,201.tiff/pipeline_as_shipped,,,,,True,13961.0,(),,,,,,,,,,
no_cap,201.tiff/tm_ccoeff,,,,,True,15218.0,"(250000, 1000000000)",,,,,,,,,,
no_cap,201.tiff/tm_ccoeff_od,,,,,True,15218.0,"(250000, 1000000000)",,,,,,,,,,
no_cap,201.tiff/tm_ccoeff@matched,,,,,True,12446.0,(),,,,,,,,,,
no_cap,201.tiff/tm_ccoeff_normed,,,,,True,15657.0,"(250000, 1000000000)",,,,,,,,,,
no_cap,201.tiff/tm_ccoeff_normed_od,,,,,True,15657.0,"(250000, 1000000000)",,,,,,,,,,
no_cap,201.tiff/tm_ccoeff_normed@matched,,,,,True,12446.0,(),,,,,,,,,,
no_cap,201.tiff/blob_native,,,,,True,12446.0,(),,,,,,,,,,
no_cap,201.tiff/blob_od,,,,,True,12446.0,(),,,,,,,,,,
no_cap,201.tiff/blob_native@matched,,,,,True,12446.0,(),,,,,,,,,,
no_cap,201.tiff/disc_ccoeff,,,,,True,12716.0,(),,,,,,,,,,
no_cap,201.tiff/disc_ccoeff_od,,,,,True,12716.0,(),,,,,,,,,,
no_cap,201.tiff/disc_ccoeff@matched,,,,,True,12446.0,(),,,,,,,,,,
no_cap,201.tiff/disc_ccoeff_normed,,,,,True,13109.0,(),,,,,,,,,,
no_cap,201.tiff/disc_ccoeff_normed_od,,,,,True,13109.0,(),,,,,,,,,,
no_cap,201.tiff/disc_ccoeff_normed@matched,,,,,True,12446.0,(),,,,,,,,,,
no_cap,201.tiff/pipeline_as_shipped,,,,,True,15742.0,(),,,,,,,,,,
no_cap,201.tiff/tm_ccoeff,,,,,True,14685.0,"(250000, 1000000000)",,,,,,,,,,
no_cap,201.tiff/tm_ccoeff_od,,,,,True,14685.0,"(250000, 1000000000)",,,,,,,,,,
no_cap,201.tiff/tm_ccoeff@matched,,,,,True,12446.0,(),,,,,,,,,,
no_cap,201.tiff/tm_ccoeff_normed,,,,,True,15130.0,"(250000, 1000000000)",,,,,,,,,,
no_cap,201.tiff/tm_ccoeff_normed_od,,,,,True,15130.0,"(250000, 1000000000)",,,,,,,,,,
no_cap,201.tiff/tm_ccoeff_normed@matched,,,,,True,12446.0,(),,,,,,,,,,
no_cap,201.tiff/blob_native,,,,,True,12446.0,(),,,,,,,,,,
no_cap,201.tiff/blob_od,,,,,True,12446.0,(),,,,,,,,,,
no_cap,201.tiff/blob_native@matched,,,,,True,12446.0,(),,,,,,,,,,
no_cap,201.tiff/disc_ccoeff,,,,,True,12716.0,(),,,,,,,,,,
no_cap,201.tiff/disc_ccoeff_od,,,,,True,12716.0,(),,,,,,,,,,
no_cap,201.tiff/disc_ccoeff@matched,,,,,True,12446.0,(),,,,,,,,,,
no_cap,201.tiff/disc_ccoeff_normed,,,,,True,13109.0,(),,,,,,,,,,
no_cap,201.tiff/disc_ccoeff_normed_od,,,,,True,13109.0,(),,,,,,,,,,
no_cap,201.tiff/disc_ccoeff_normed@matched,,,,,True,12446.0,(),,,,,,,,,,
no_cap,201.tiff/pipeline_as_shipped,,,,,True,17094.0,(),,,,,,,,,,
no_cap,201.tiff/tm_ccoeff,,,,,True,14105.0,"(250000, 1000000000)",,,,,,,,,,
no_cap,201.tiff/tm_ccoeff_od,,,,,True,14105.0,"(250000, 1000000000)",,,,,,,,,,
no_cap,201.tiff/tm_ccoeff@matched,,,,,True,12446.0,(),,,,,,,,,,
no_cap,201.tiff/tm_ccoeff_normed,,,,,True,14603.0,"(250000, 1000000000)",,,,,,,,,,
no_cap,201.tiff/tm_ccoeff_normed_od,,,,,True,14603.0,"(250000, 1000000000)",,,,,,,,,,
no_cap,201.tiff/tm_ccoeff_normed@matched,,,,,True,12446.0,(),,,,,,,,,,
no_cap,201.tiff/blob_native,,,,,True,12446.0,(),,,,,,,,,,
no_cap,201.tiff/blob_od,,,,,True,12446.0,(),,,,,,,,,,
no_cap,201.tiff/blob_native@matched,,,,,True,12446.0,(),,,,,,,,,,
no_cap,201.tiff/disc_ccoeff,,,,,True,12716.0,(),,,,,,,,,,
no_cap,201.tiff/disc_ccoeff_od,,,,,True,12716.0,(),,,,,,,,,,
no_cap,201.tiff/disc_ccoeff@matched,,,,,True,12446.0,(),,,,,,,,,,
no_cap,201.tiff/disc_ccoeff_normed,,,,,True,13109.0,(),,,,,,,,,,
no_cap,201.tiff/disc_ccoeff_normed_od,,,,,True,13109.0,(),,,,,,,,,,
no_cap,201.tiff/disc_ccoeff_normed@matched,,,,,True,12446.0,(),,,,,,,,,,
no_cap,201.tiff/pipeline_as_shipped,,,,,True,14972.0,(),,,,,,,,,,
no_cap,201.tiff/tm_ccoeff,,,,,True,12910.0,"(250000, 1000000000)",,,,,,,,,,
no_cap,201.tiff/tm_ccoeff_od,,,,,True,12910.0,"(250000, 1000000000)",,,,,,,,,,
no_cap,201.tiff/tm_ccoeff@matched,,,,,True,12446.0,(),,,,,,,,,,
no_cap,201.tiff/tm_ccoeff_normed,,,,,True,13515.0,"(250000, 1000000000)",,,,,,,,,,
no_cap,201.tiff/tm_ccoeff_normed_od,,,,,True,13515.0,"(250000, 1000000000)",,,,,,,,,,
no_cap,201.tiff/tm_ccoeff_normed@matched,,,,,True,12446.0,(),,,,,,,,,,
no_cap,201.tiff/blob_native,,,,,True,12446.0,(),,,,,,,,,,
no_cap,201.tiff/blob_od,,,,,True,12446.0,(),,,,,,,,,,
no_cap,201.tiff/blob_native@matched,,,,,True,12446.0,(),,,,,,,,,,
no_cap,201.tiff/disc_ccoeff,,,,,True,12716.0,(),,,,,,,,,,
no_cap,201.tiff/disc_ccoeff_od,,,,,True,12716.0,(),,,,,,,,,,
no_cap,201.tiff/disc_ccoeff@matched,,,,,True,12446.0,(),,,,,,,,,,
no_cap,201.tiff/disc_ccoeff_normed,,,,,True,13109.0,(),,,,,,,,,,
no_cap,201.tiff/disc_ccoeff_normed_od,,,,,True,13109.0,(),,,,,,,,,,
no_cap,201.tiff/disc_ccoeff_normed@matched,,,,,True,12446.0,(),,,,,,,,,,
no_cap,201.tiff/pipeline_as_shipped,,,,,True,13172.0,(),,,,,,,,,,
distinct_seeds,201.tiff,,,,,True,,,5.0,5.0,7.0,5.0,,,,,,
no_cap,201.tiff/lookalike_ccoeff,,,,,True,14395.0,"(250000, 1000000000)",,,,,,,,,,
no_cap,201.tiff/lookalike_ccoeff_od,,,,,True,14395.0,"(250000, 1000000000)",,,,,,,,,,
no_cap,201.tiff/lookalike_ccoeff@matched,,,,,True,12446.0,(),,,,,,,,,,
no_cap,201.tiff/lookalike_ccoeff_normed,,,,,True,14964.0,"(250000, 1000000000)",,,,,,,,,,
no_cap,201.tiff/lookalike_ccoeff_normed_od,,,,,True,14964.0,"(250000, 1000000000)",,,,,,,,,,
no_cap,201.tiff/lookalike_ccoeff_normed@matched,,,,,True,12446.0,(),,,,,,,,,,
tissue_mask_covers_gt,202.tiff,44.0,0.0,0.0,,True,,,,,,,,,,,,
no_cap,202.tiff/tm_ccoeff,,,,,True,17164.0,"(250000, 1000000000)",,,,,,,,,,
no_cap,202.tiff/tm_ccoeff_od,,,,,True,17164.0,"(250000, 1000000000)",,,,,,,,,,
no_cap,202.tiff/tm_ccoeff@matched,,,,,True,13440.0,(),,,,,,,,,,
no_cap,202.tiff/tm_ccoeff_normed,,,,,True,17537.0,"(250000, 1000000000)",,,,,,,,,,
no_cap,202.tiff/tm_ccoeff_normed_od,,,,,True,17537.0,"(250000, 1000000000)",,,,,,,,,,
no_cap,202.tiff/tm_ccoeff_normed@matched,,,,,True,13440.0,(),,,,,,,,,,
no_cap,202.tiff/blob_native,,,,,True,13440.0,(),,,,,,,,,,
no_cap,202.tiff/blob_od,,,,,True,13440.0,(),,,,,,,,,,
no_cap,202.tiff/blob_native@matched,,,,,True,13440.0,(),,,,,,,,,,
no_cap,202.tiff/disc_ccoeff,,,,,True,12648.0,(),,,,,,,,,,
no_cap,202.tiff/disc_ccoeff_od,,,,,True,12648.0,(),,,,,,,,,,
no_cap,202.tiff/disc_ccoeff@matched,,,,,True,12648.0,(),,,,,,,,,,
no_cap,202.tiff/disc_ccoeff_normed,,,,,True,13775.0,(),,,,,,,,,,
no_cap,202.tiff/disc_ccoeff_normed_od,,,,,True,13775.0,(),,,,,,,,,,
no_cap,202.tiff/disc_ccoeff_normed@matched,,,,,True,13440.0,(),,,,,,,,,,
no_cap,202.tiff/pipeline_as_shipped,,,,,True,16657.0,(),,,,,,,,,,
no_cap,202.tiff/tm_ccoeff,,,,,True,14229.0,"(250000, 1000000000)",,,,,,,,,,
no_cap,202.tiff/tm_ccoeff_od,,,,,True,14229.0,"(250000, 1000000000)",,,,,,,,,,
no_cap,202.tiff/tm_ccoeff@matched,,,,,True,13440.0,(),,,,,,,,,,
no_cap,202.tiff/tm_ccoeff_normed,,,,,True,15132.0,"(250000, 1000000000)",,,,,,,,,,
no_cap,202.tiff/tm_ccoeff_normed_od,,,,,True,15132.0,"(250000, 1000000000)",,,,,,,,,,
no_cap,202.tiff/tm_ccoeff_normed@matched,,,,,True,13440.0,(),,,,,,,,,,
no_cap,202.tiff/blob_native,,,,,True,13440.0,(),,,,,,,,,,
no_cap,202.tiff/blob_od,,,,,True,13440.0,(),,,,,,,,,,
no_cap,202.tiff/blob_native@matched,,,,,True,13440.0,(),,,,,,,,,,
no_cap,202.tiff/disc_ccoeff,,,,,True,12648.0,(),,,,,,,,,,
no_cap,202.tiff/disc_ccoeff_od,,,,,True,12648.0,(),,,,,,,,,,
no_cap,202.tiff/disc_ccoeff@matched,,,,,True,12648.0,(),,,,,,,,,,
no_cap,202.tiff/disc_ccoeff_normed,,,,,True,13775.0,(),,,,,,,,,,
no_cap,202.tiff/disc_ccoeff_normed_od,,,,,True,13775.0,(),,,,,,,,,,
no_cap,202.tiff/disc_ccoeff_normed@matched,,,,,True,13440.0,(),,,,,,,,,,
no_cap,202.tiff/pipeline_as_shipped,,,,,True,17350.0,(),,,,,,,,,,
no_cap,202.tiff/tm_ccoeff,,,,,True,15870.0,"(250000, 1000000000)",,,,,,,,,,
no_cap,202.tiff/tm_ccoeff_od,,,,,True,15870.0,"(250000, 1000000000)",,,,,,,,,,
no_cap,202.tiff/tm_ccoeff@matched,,,,,True,13440.0,(),,,,,,,,,,
no_cap,202.tiff/tm_ccoeff_normed,,,,,True,16453.0,"(250000, 1000000000)",,,,,,,,,,
no_cap,202.tiff/tm_ccoeff_normed_od,,,,,True,16453.0,"(250000, 1000000000)",,,,,,,,,,
no_cap,202.tiff/tm_ccoeff_normed@matched,,,,,True,13440.0,(),,,,,,,,,,
no_cap,202.tiff/blob_native,,,,,True,13440.0,(),,,,,,,,,,
no_cap,202.tiff/blob_od,,,,,True,13440.0,(),,,,,,,,,,
no_cap,202.tiff/blob_native@matched,,,,,True,13440.0,(),,,,,,,,,,
no_cap,202.tiff/disc_ccoeff,,,,,True,12648.0,(),,,,,,,,,,
no_cap,202.tiff/disc_ccoeff_od,,,,,True,12648.0,(),,,,,,,,,,
no_cap,202.tiff/disc_ccoeff@matched,,,,,True,12648.0,(),,,,,,,,,,
no_cap,202.tiff/disc_ccoeff_normed,,,,,True,13775.0,(),,,,,,,,,,
no_cap,202.tiff/disc_ccoeff_normed_od,,,,,True,13775.0,(),,,,,,,,,,
no_cap,202.tiff/disc_ccoeff_normed@matched,,,,,True,13440.0,(),,,,,,,,,,
no_cap,202.tiff/pipeline_as_shipped,,,,,True,17093.0,(),,,,,,,,,,
no_cap,202.tiff/tm_ccoeff,,,,,True,14867.0,"(250000, 1000000000)",,,,,,,,,,
no_cap,202.tiff/tm_ccoeff_od,,,,,True,14867.0,"(250000, 1000000000)",,,,,,,,,,
no_cap,202.tiff/tm_ccoeff@matched,,,,,True,13440.0,(),,,,,,,,,,
no_cap,202.tiff/tm_ccoeff_normed,,,,,True,15615.0,"(250000, 1000000000)",,,,,,,,,,
no_cap,202.tiff/tm_ccoeff_normed_od,,,,,True,15615.0,"(250000, 1000000000)",,,,,,,,,,
no_cap,202.tiff/tm_ccoeff_normed@matched,,,,,True,13440.0,(),,,,,,,,,,
no_cap,202.tiff/blob_native,,,,,True,13440.0,(),,,,,,,,,,
no_cap,202.tiff/blob_od,,,,,True,13440.0,(),,,,,,,,,,
no_cap,202.tiff/blob_native@matched,,,,,True,13440.0,(),,,,,,,,,,
no_cap,202.tiff/disc_ccoeff,,,,,True,12648.0,(),,,,,,,,,,
no_cap,202.tiff/disc_ccoeff_od,,,,,True,12648.0,(),,,,,,,,,,
no_cap,202.tiff/disc_ccoeff@matched,,,,,True,12648.0,(),,,,,,,,,,
no_cap,202.tiff/disc_ccoeff_normed,,,,,True,13775.0,(),,,,,,,,,,
no_cap,202.tiff/disc_ccoeff_normed_od,,,,,True,13775.0,(),,,,,,,,,,
no_cap,202.tiff/disc_ccoeff_normed@matched,,,,,True,13440.0,(),,,,,,,,,,
no_cap,202.tiff/pipeline_as_shipped,,,,,True,17547.0,(),,,,,,,,,,
distinct_seeds,202.tiff,,,,,True,,,4.0,4.0,4.0,4.0,,,,,,
no_cap,202.tiff/lookalike_ccoeff,,,,,True,14696.0,"(250000, 1000000000)",,,,,,,,,,
no_cap,202.tiff/lookalike_ccoeff_od,,,,,True,14696.0,"(250000, 1000000000)",,,,,,,,,,
no_cap,202.tiff/lookalike_ccoeff@matched,,,,,True,13440.0,(),,,,,,,,,,
no_cap,202.tiff/lookalike_ccoeff_normed,,,,,True,15640.0,"(250000, 1000000000)",,,,,,,,,,
no_cap,202.tiff/lookalike_ccoeff_normed_od,,,,,True,15640.0,"(250000, 1000000000)",,,,,,,,,,
no_cap,202.tiff/lookalike_ccoeff_normed@matched,,,,,True,13440.0,(),,,,,,,,,,
tissue_mask_covers_gt,245.tiff,160.0,0.0,0.0,,True,,,,,,,,,,,,
no_cap,245.tiff/tm_ccoeff,,,,,True,17178.0,"(250000, 1000000000)",,,,,,,,,,
no_cap,245.tiff/tm_ccoeff_od,,,,,True,17178.0,"(250000, 1000000000)",,,,,,,,,,
no_cap,245.tiff/tm_ccoeff@matched,,,,,True,17178.0,(),,,,,,,,,,
no_cap,245.tiff/tm_ccoeff_normed,,,,,True,17213.0,"(250000, 1000000000)",,,,,,,,,,
no_cap,245.tiff/tm_ccoeff_normed_od,,,,,True,17213.0,"(250000, 1000000000)",,,,,,,,,,
no_cap,245.tiff/tm_ccoeff_normed@matched,,,,,True,17178.0,(),,,,,,,,,,
no_cap,245.tiff/blob_native,,,,,True,34910.0,(),,,,,,,,,,
no_cap,245.tiff/blob_od,,,,,True,34910.0,(),,,,,,,,,,
no_cap,245.tiff/blob_native@matched,,,,,True,17178.0,(),,,,,,,,,,
no_cap,245.tiff/disc_ccoeff,,,,,True,15956.0,(),,,,,,,,,,
no_cap,245.tiff/disc_ccoeff_od,,,,,True,15956.0,(),,,,,,,,,,
no_cap,245.tiff/disc_ccoeff@matched,,,,,True,15956.0,(),,,,,,,,,,
no_cap,245.tiff/disc_ccoeff_normed,,,,,True,15997.0,(),,,,,,,,,,
no_cap,245.tiff/disc_ccoeff_normed_od,,,,,True,15997.0,(),,,,,,,,,,
no_cap,245.tiff/disc_ccoeff_normed@matched,,,,,True,15997.0,(),,,,,,,,,,
no_cap,245.tiff/pipeline_as_shipped,,,,,True,17245.0,(),,,,,,,,,,
no_cap,245.tiff/tm_ccoeff,,,,,True,16765.0,"(250000, 1000000000)",,,,,,,,,,
no_cap,245.tiff/tm_ccoeff_od,,,,,True,16765.0,"(250000, 1000000000)",,,,,,,,,,
no_cap,245.tiff/tm_ccoeff@matched,,,,,True,16765.0,(),,,,,,,,,,
no_cap,245.tiff/tm_ccoeff_normed,,,,,True,16784.0,"(250000, 1000000000)",,,,,,,,,,
no_cap,245.tiff/tm_ccoeff_normed_od,,,,,True,16784.0,"(250000, 1000000000)",,,,,,,,,,
no_cap,245.tiff/tm_ccoeff_normed@matched,,,,,True,16765.0,(),,,,,,,,,,
no_cap,245.tiff/blob_native,,,,,True,34910.0,(),,,,,,,,,,
no_cap,245.tiff/blob_od,,,,,True,34910.0,(),,,,,,,,,,
no_cap,245.tiff/blob_native@matched,,,,,True,16765.0,(),,,,,,,,,,
no_cap,245.tiff/disc_ccoeff,,,,,True,15956.0,(),,,,,,,,,,
no_cap,245.tiff/disc_ccoeff_od,,,,,True,15956.0,(),,,,,,,,,,
no_cap,245.tiff/disc_ccoeff@matched,,,,,True,15956.0,(),,,,,,,,,,
no_cap,245.tiff/disc_ccoeff_normed,,,,,True,15997.0,(),,,,,,,,,,
no_cap,245.tiff/disc_ccoeff_normed_od,,,,,True,15997.0,(),,,,,,,,,,
no_cap,245.tiff/disc_ccoeff_normed@matched,,,,,True,15997.0,(),,,,,,,,,,
no_cap,245.tiff/pipeline_as_shipped,,,,,True,16353.0,(),,,,,,,,,,
no_cap,245.tiff/tm_ccoeff,,,,,True,16756.0,"(250000, 1000000000)",,,,,,,,,,
no_cap,245.tiff/tm_ccoeff_od,,,,,True,16756.0,"(250000, 1000000000)",,,,,,,,,,
no_cap,245.tiff/tm_ccoeff@matched,,,,,True,16756.0,(),,,,,,,,,,
no_cap,245.tiff/tm_ccoeff_normed,,,,,True,16783.0,"(250000, 1000000000)",,,,,,,,,,
no_cap,245.tiff/tm_ccoeff_normed_od,,,,,True,16783.0,"(250000, 1000000000)",,,,,,,,,,
no_cap,245.tiff/tm_ccoeff_normed@matched,,,,,True,16756.0,(),,,,,,,,,,
no_cap,245.tiff/blob_native,,,,,True,34910.0,(),,,,,,,,,,
no_cap,245.tiff/blob_od,,,,,True,34910.0,(),,,,,,,,,,
no_cap,245.tiff/blob_native@matched,,,,,True,16756.0,(),,,,,,,,,,
no_cap,245.tiff/disc_ccoeff,,,,,True,15956.0,(),,,,,,,,,,
no_cap,245.tiff/disc_ccoeff_od,,,,,True,15956.0,(),,,,,,,,,,
no_cap,245.tiff/disc_ccoeff@matched,,,,,True,15956.0,(),,,,,,,,,,
no_cap,245.tiff/disc_ccoeff_normed,,,,,True,15997.0,(),,,,,,,,,,
no_cap,245.tiff/disc_ccoeff_normed_od,,,,,True,15997.0,(),,,,,,,,,,
no_cap,245.tiff/disc_ccoeff_normed@matched,,,,,True,15997.0,(),,,,,,,,,,
no_cap,245.tiff/pipeline_as_shipped,,,,,True,16865.0,(),,,,,,,,,,
no_cap,245.tiff/tm_ccoeff,,,,,True,16845.0,"(250000, 1000000000)",,,,,,,,,,
no_cap,245.tiff/tm_ccoeff_od,,,,,True,16845.0,"(250000, 1000000000)",,,,,,,,,,
no_cap,245.tiff/tm_ccoeff@matched,,,,,True,16845.0,(),,,,,,,,,,
no_cap,245.tiff/tm_ccoeff_normed,,,,,True,16932.0,"(250000, 1000000000)",,,,,,,,,,
no_cap,245.tiff/tm_ccoeff_normed_od,,,,,True,16932.0,"(250000, 1000000000)",,,,,,,,,,
no_cap,245.tiff/tm_ccoeff_normed@matched,,,,,True,16845.0,(),,,,,,,,,,
no_cap,245.tiff/blob_native,,,,,True,34910.0,(),,,,,,,,,,
no_cap,245.tiff/blob_od,,,,,True,34910.0,(),,,,,,,,,,
no_cap,245.tiff/blob_native@matched,,,,,True,16845.0,(),,,,,,,,,,
no_cap,245.tiff/disc_ccoeff,,,,,True,15956.0,(),,,,,,,,,,
no_cap,245.tiff/disc_ccoeff_od,,,,,True,15956.0,(),,,,,,,,,,
no_cap,245.tiff/disc_ccoeff@matched,,,,,True,15956.0,(),,,,,,,,,,
no_cap,245.tiff/disc_ccoeff_normed,,,,,True,15997.0,(),,,,,,,,,,
no_cap,245.tiff/disc_ccoeff_normed_od,,,,,True,15997.0,(),,,,,,,,,,
no_cap,245.tiff/disc_ccoeff_normed@matched,,,,,True,15997.0,(),,,,,,,,,,
no_cap,245.tiff/pipeline_as_shipped,,,,,True,17176.0,(),,,,,,,,,,
no_cap,245.tiff/tm_ccoeff,,,,,True,17756.0,"(250000, 1000000000)",,,,,,,,,,
no_cap,245.tiff/tm_ccoeff_od,,,,,True,17756.0,"(250000, 1000000000)",,,,,,,,,,
no_cap,245.tiff/tm_ccoeff@matched,,,,,True,17747.0,(),,,,,,,,,,
no_cap,245.tiff/tm_ccoeff_normed,,,,,True,17747.0,"(250000, 1000000000)",,,,,,,,,,
no_cap,245.tiff/tm_ccoeff_normed_od,,,,,True,17747.0,"(250000, 1000000000)",,,,,,,,,,
no_cap,245.tiff/tm_ccoeff_normed@matched,,,,,True,17747.0,(),,,,,,,,,,
no_cap,245.tiff/blob_native,,,,,True,34910.0,(),,,,,,,,,,
no_cap,245.tiff/blob_od,,,,,True,34910.0,(),,,,,,,,,,
no_cap,245.tiff/blob_native@matched,,,,,True,17747.0,(),,,,,,,,,,
no_cap,245.tiff/disc_ccoeff,,,,,True,15956.0,(),,,,,,,,,,
no_cap,245.tiff/disc_ccoeff_od,,,,,True,15956.0,(),,,,,,,,,,
no_cap,245.tiff/disc_ccoeff@matched,,,,,True,15956.0,(),,,,,,,,,,
no_cap,245.tiff/disc_ccoeff_normed,,,,,True,15997.0,(),,,,,,,,,,
no_cap,245.tiff/disc_ccoeff_normed_od,,,,,True,15997.0,(),,,,,,,,,,
no_cap,245.tiff/disc_ccoeff_normed@matched,,,,,True,15997.0,(),,,,,,,,,,
no_cap,245.tiff/pipeline_as_shipped,,,,,True,17758.0,(),,,,,,,,,,
distinct_seeds,245.tiff,,,,,True,,,5.0,5.0,78.0,5.0,,,,,,
no_cap,245.tiff/lookalike_ccoeff,,,,,True,16653.0,"(250000, 1000000000)",,,,,,,,,,
no_cap,245.tiff/lookalike_ccoeff_od,,,,,True,16653.0,"(250000, 1000000000)",,,,,,,,,,
no_cap,245.tiff/lookalike_ccoeff@matched,,,,,True,16641.0,(),,,,,,,,,,
no_cap,245.tiff/lookalike_ccoeff_normed,,,,,True,16641.0,"(250000, 1000000000)",,,,,,,,,,
no_cap,245.tiff/lookalike_ccoeff_normed_od,,,,,True,16641.0,"(250000, 1000000000)",,,,,,,,,,
no_cap,245.tiff/lookalike_ccoeff_normed@matched,,,,,True,16641.0,(),,,,,,,,,,
tissue_mask_covers_gt,246.tiff,239.0,0.0,0.0,,True,,,,,,,,,,,,
no_cap,246.tiff/tm_ccoeff,,,,,True,17105.0,"(250000, 1000000000)",,,,,,,,,,
no_cap,246.tiff/tm_ccoeff_od,,,,,True,17105.0,"(250000, 1000000000)",,,,,,,,,,
no_cap,246.tiff/tm_ccoeff@matched,,,,,True,17105.0,(),,,,,,,,,,
no_cap,246.tiff/tm_ccoeff_normed,,,,,True,17303.0,"(250000, 1000000000)",,,,,,,,,,
no_cap,246.tiff/tm_ccoeff_normed_od,,,,,True,17303.0,"(250000, 1000000000)",,,,,,,,,,
no_cap,246.tiff/tm_ccoeff_normed@matched,,,,,True,17105.0,(),,,,,,,,,,
no_cap,246.tiff/blob_native,,,,,True,21059.0,(),,,,,,,,,,
no_cap,246.tiff/blob_od,,,,,True,21059.0,(),,,,,,,,,,
no_cap,246.tiff/blob_native@matched,,,,,True,17105.0,(),,,,,,,,,,
no_cap,246.tiff/disc_ccoeff,,,,,True,15446.0,(),,,,,,,,,,
no_cap,246.tiff/disc_ccoeff_od,,,,,True,15446.0,(),,,,,,,,,,
no_cap,246.tiff/disc_ccoeff@matched,,,,,True,15446.0,(),,,,,,,,,,
no_cap,246.tiff/disc_ccoeff_normed,,,,,True,15568.0,(),,,,,,,,,,
no_cap,246.tiff/disc_ccoeff_normed_od,,,,,True,15568.0,(),,,,,,,,,,
no_cap,246.tiff/disc_ccoeff_normed@matched,,,,,True,15568.0,(),,,,,,,,,,
no_cap,246.tiff/pipeline_as_shipped,,,,,True,17855.0,(),,,,,,,,,,
no_cap,246.tiff/tm_ccoeff,,,,,True,17143.0,"(250000, 1000000000)",,,,,,,,,,
no_cap,246.tiff/tm_ccoeff_od,,,,,True,17143.0,"(250000, 1000000000)",,,,,,,,,,
no_cap,246.tiff/tm_ccoeff@matched,,,,,True,17143.0,(),,,,,,,,,,
no_cap,246.tiff/tm_ccoeff_normed,,,,,True,17317.0,"(250000, 1000000000)",,,,,,,,,,
no_cap,246.tiff/tm_ccoeff_normed_od,,,,,True,17317.0,"(250000, 1000000000)",,,,,,,,,,
no_cap,246.tiff/tm_ccoeff_normed@matched,,,,,True,17143.0,(),,,,,,,,,,
no_cap,246.tiff/blob_native,,,,,True,21059.0,(),,,,,,,,,,
no_cap,246.tiff/blob_od,,,,,True,21059.0,(),,,,,,,,,,
no_cap,246.tiff/blob_native@matched,,,,,True,17143.0,(),,,,,,,,,,
no_cap,246.tiff/disc_ccoeff,,,,,True,15446.0,(),,,,,,,,,,
no_cap,246.tiff/disc_ccoeff_od,,,,,True,15446.0,(),,,,,,,,,,
no_cap,246.tiff/disc_ccoeff@matched,,,,,True,15446.0,(),,,,,,,,,,
no_cap,246.tiff/disc_ccoeff_normed,,,,,True,15568.0,(),,,,,,,,,,
no_cap,246.tiff/disc_ccoeff_normed_od,,,,,True,15568.0,(),,,,,,,,,,
no_cap,246.tiff/disc_ccoeff_normed@matched,,,,,True,15568.0,(),,,,,,,,,,
no_cap,246.tiff/pipeline_as_shipped,,,,,True,16819.0,(),,,,,,,,,,
no_cap,246.tiff/tm_ccoeff,,,,,True,17207.0,"(250000, 1000000000)",,,,,,,,,,
no_cap,246.tiff/tm_ccoeff_od,,,,,True,17207.0,"(250000, 1000000000)",,,,,,,,,,
no_cap,246.tiff/tm_ccoeff@matched,,,,,True,17207.0,(),,,,,,,,,,
no_cap,246.tiff/tm_ccoeff_normed,,,,,True,17434.0,"(250000, 1000000000)",,,,,,,,,,
no_cap,246.tiff/tm_ccoeff_normed_od,,,,,True,17434.0,"(250000, 1000000000)",,,,,,,,,,
no_cap,246.tiff/tm_ccoeff_normed@matched,,,,,True,17207.0,(),,,,,,,,,,
no_cap,246.tiff/blob_native,,,,,True,21059.0,(),,,,,,,,,,
no_cap,246.tiff/blob_od,,,,,True,21059.0,(),,,,,,,,,,
no_cap,246.tiff/blob_native@matched,,,,,True,17207.0,(),,,,,,,,,,
no_cap,246.tiff/disc_ccoeff,,,,,True,15446.0,(),,,,,,,,,,
no_cap,246.tiff/disc_ccoeff_od,,,,,True,15446.0,(),,,,,,,,,,
no_cap,246.tiff/disc_ccoeff@matched,,,,,True,15446.0,(),,,,,,,,,,
no_cap,246.tiff/disc_ccoeff_normed,,,,,True,15568.0,(),,,,,,,,,,
no_cap,246.tiff/disc_ccoeff_normed_od,,,,,True,15568.0,(),,,,,,,,,,
no_cap,246.tiff/disc_ccoeff_normed@matched,,,,,True,15568.0,(),,,,,,,,,,
no_cap,246.tiff/pipeline_as_shipped,,,,,True,17397.0,(),,,,,,,,,,
no_cap,246.tiff/tm_ccoeff,,,,,True,17799.0,"(250000, 1000000000)",,,,,,,,,,
no_cap,246.tiff/tm_ccoeff_od,,,,,True,17799.0,"(250000, 1000000000)",,,,,,,,,,
no_cap,246.tiff/tm_ccoeff@matched,,,,,True,17799.0,(),,,,,,,,,,
no_cap,246.tiff/tm_ccoeff_normed,,,,,True,17982.0,"(250000, 1000000000)",,,,,,,,,,
no_cap,246.tiff/tm_ccoeff_normed_od,,,,,True,17982.0,"(250000, 1000000000)",,,,,,,,,,
no_cap,246.tiff/tm_ccoeff_normed@matched,,,,,True,17799.0,(),,,,,,,,,,
no_cap,246.tiff/blob_native,,,,,True,21059.0,(),,,,,,,,,,
no_cap,246.tiff/blob_od,,,,,True,21059.0,(),,,,,,,,,,
no_cap,246.tiff/blob_native@matched,,,,,True,17799.0,(),,,,,,,,,,
no_cap,246.tiff/disc_ccoeff,,,,,True,15446.0,(),,,,,,,,,,
no_cap,246.tiff/disc_ccoeff_od,,,,,True,15446.0,(),,,,,,,,,,
no_cap,246.tiff/disc_ccoeff@matched,,,,,True,15446.0,(),,,,,,,,,,
no_cap,246.tiff/disc_ccoeff_normed,,,,,True,15568.0,(),,,,,,,,,,
no_cap,246.tiff/disc_ccoeff_normed_od,,,,,True,15568.0,(),,,,,,,,,,
no_cap,246.tiff/disc_ccoeff_normed@matched,,,,,True,15568.0,(),,,,,,,,,,
no_cap,246.tiff/pipeline_as_shipped,,,,,True,18114.0,(),,,,,,,,,,
no_cap,246.tiff/tm_ccoeff,,,,,True,17275.0,"(250000, 1000000000)",,,,,,,,,,
no_cap,246.tiff/tm_ccoeff_od,,,,,True,17275.0,"(250000, 1000000000)",,,,,,,,,,
no_cap,246.tiff/tm_ccoeff@matched,,,,,True,17275.0,(),,,,,,,,,,
no_cap,246.tiff/tm_ccoeff_normed,,,,,True,17519.0,"(250000, 1000000000)",,,,,,,,,,
no_cap,246.tiff/tm_ccoeff_normed_od,,,,,True,17519.0,"(250000, 1000000000)",,,,,,,,,,
no_cap,246.tiff/tm_ccoeff_normed@matched,,,,,True,17275.0,(),,,,,,,,,,
no_cap,246.tiff/blob_native,,,,,True,21059.0,(),,,,,,,,,,
no_cap,246.tiff/blob_od,,,,,True,21059.0,(),,,,,,,,,,
no_cap,246.tiff/blob_native@matched,,,,,True,17275.0,(),,,,,,,,,,
no_cap,246.tiff/disc_ccoeff,,,,,True,15446.0,(),,,,,,,,,,
no_cap,246.tiff/disc_ccoeff_od,,,,,True,15446.0,(),,,,,,,,,,
no_cap,246.tiff/disc_ccoeff@matched,,,,,True,15446.0,(),,,,,,,,,,
no_cap,246.tiff/disc_ccoeff_normed,,,,,True,15568.0,(),,,,,,,,,,
no_cap,246.tiff/disc_ccoeff_normed_od,,,,,True,15568.0,(),,,,,,,,,,
no_cap,246.tiff/disc_ccoeff_normed@matched,,,,,True,15568.0,(),,,,,,,,,,
no_cap,246.tiff/pipeline_as_shipped,,,,,True,17545.0,(),,,,,,,,,,
distinct_seeds,246.tiff,,,,,True,,,5.0,5.0,97.0,5.0,,,,,,
no_cap,246.tiff/lookalike_ccoeff,,,,,True,16634.0,"(250000, 1000000000)",,,,,,,,,,
no_cap,246.tiff/lookalike_ccoeff_od,,,,,True,16634.0,"(250000, 1000000000)",,,,,,,,,,
no_cap,246.tiff/lookalike_ccoeff@matched,,,,,True,16634.0,(),,,,,,,,,,
no_cap,246.tiff/lookalike_ccoeff_normed,,,,,True,16877.0,"(250000, 1000000000)",,,,,,,,,,
no_cap,246.tiff/lookalike_ccoeff_normed_od,,,,,True,16877.0,"(250000, 1000000000)",,,,,,,,,,
no_cap,246.tiff/lookalike_ccoeff_normed@matched,,,,,True,16634.0,(),,,,,,,,,,
tissue_mask_covers_gt,405.tiff,33.0,0.0,0.0,,True,,,,,,,,,,,,
no_cap,405.tiff/tm_ccoeff,,,,,True,12434.0,"(250000, 1000000000)",,,,,,,,,,
no_cap,405.tiff/tm_ccoeff_od,,,,,True,12434.0,"(250000, 1000000000)",,,,,,,,,,
no_cap,405.tiff/tm_ccoeff@matched,,,,,True,7577.0,(),,,,,,,,,,
no_cap,405.tiff/tm_ccoeff_normed,,,,,True,13967.0,"(250000, 1000000000)",,,,,,,,,,
no_cap,405.tiff/tm_ccoeff_normed_od,,,,,True,13967.0,"(250000, 1000000000)",,,,,,,,,,
no_cap,405.tiff/tm_ccoeff_normed@matched,,,,,True,7577.0,(),,,,,,,,,,
no_cap,405.tiff/blob_native,,,,,True,7577.0,(),,,,,,,,,,
no_cap,405.tiff/blob_od,,,,,True,7577.0,(),,,,,,,,,,
no_cap,405.tiff/blob_native@matched,,,,,True,7577.0,(),,,,,,,,,,
no_cap,405.tiff/disc_ccoeff,,,,,True,10297.0,(),,,,,,,,,,
no_cap,405.tiff/disc_ccoeff_od,,,,,True,10297.0,(),,,,,,,,,,
no_cap,405.tiff/disc_ccoeff@matched,,,,,True,7577.0,(),,,,,,,,,,
no_cap,405.tiff/disc_ccoeff_normed,,,,,True,12321.0,(),,,,,,,,,,
no_cap,405.tiff/disc_ccoeff_normed_od,,,,,True,12321.0,(),,,,,,,,,,
no_cap,405.tiff/disc_ccoeff_normed@matched,,,,,True,7577.0,(),,,,,,,,,,
no_cap,405.tiff/pipeline_as_shipped,,,,,True,13048.0,(),,,,,,,,,,
no_cap,405.tiff/tm_ccoeff,,,,,True,11574.0,"(250000, 1000000000)",,,,,,,,,,
no_cap,405.tiff/tm_ccoeff_od,,,,,True,11574.0,"(250000, 1000000000)",,,,,,,,,,
no_cap,405.tiff/tm_ccoeff@matched,,,,,True,7577.0,(),,,,,,,,,,
no_cap,405.tiff/tm_ccoeff_normed,,,,,True,13002.0,"(250000, 1000000000)",,,,,,,,,,
no_cap,405.tiff/tm_ccoeff_normed_od,,,,,True,13002.0,"(250000, 1000000000)",,,,,,,,,,
no_cap,405.tiff/tm_ccoeff_normed@matched,,,,,True,7577.0,(),,,,,,,,,,
no_cap,405.tiff/blob_native,,,,,True,7577.0,(),,,,,,,,,,
no_cap,405.tiff/blob_od,,,,,True,7577.0,(),,,,,,,,,,
no_cap,405.tiff/blob_native@matched,,,,,True,7577.0,(),,,,,,,,,,
no_cap,405.tiff/disc_ccoeff,,,,,True,10297.0,(),,,,,,,,,,
no_cap,405.tiff/disc_ccoeff_od,,,,,True,10297.0,(),,,,,,,,,,
no_cap,405.tiff/disc_ccoeff@matched,,,,,True,7577.0,(),,,,,,,,,,
no_cap,405.tiff/disc_ccoeff_normed,,,,,True,12321.0,(),,,,,,,,,,
no_cap,405.tiff/disc_ccoeff_normed_od,,,,,True,12321.0,(),,,,,,,,,,
no_cap,405.tiff/disc_ccoeff_normed@matched,,,,,True,7577.0,(),,,,,,,,,,
no_cap,405.tiff/pipeline_as_shipped,,,,,True,13929.0,(),,,,,,,,,,
no_cap,405.tiff/tm_ccoeff,,,,,True,10217.0,"(250000, 1000000000)",,,,,,,,,,
no_cap,405.tiff/tm_ccoeff_od,,,,,True,10217.0,"(250000, 1000000000)",,,,,,,,,,
no_cap,405.tiff/tm_ccoeff@matched,,,,,True,7577.0,(),,,,,,,,,,
no_cap,405.tiff/tm_ccoeff_normed,,,,,True,12002.0,"(250000, 1000000000)",,,,,,,,,,
no_cap,405.tiff/tm_ccoeff_normed_od,,,,,True,12002.0,"(250000, 1000000000)",,,,,,,,,,
no_cap,405.tiff/tm_ccoeff_normed@matched,,,,,True,7577.0,(),,,,,,,,,,
no_cap,405.tiff/blob_native,,,,,True,7577.0,(),,,,,,,,,,
no_cap,405.tiff/blob_od,,,,,True,7577.0,(),,,,,,,,,,
no_cap,405.tiff/blob_native@matched,,,,,True,7577.0,(),,,,,,,,,,
no_cap,405.tiff/disc_ccoeff,,,,,True,10297.0,(),,,,,,,,,,
no_cap,405.tiff/disc_ccoeff_od,,,,,True,10297.0,(),,,,,,,,,,
no_cap,405.tiff/disc_ccoeff@matched,,,,,True,7577.0,(),,,,,,,,,,
no_cap,405.tiff/disc_ccoeff_normed,,,,,True,12321.0,(),,,,,,,,,,
no_cap,405.tiff/disc_ccoeff_normed_od,,,,,True,12321.0,(),,,,,,,,,,
no_cap,405.tiff/disc_ccoeff_normed@matched,,,,,True,7577.0,(),,,,,,,,,,
no_cap,405.tiff/pipeline_as_shipped,,,,,True,11964.0,(),,,,,,,,,,
no_cap,405.tiff/tm_ccoeff,,,,,True,11688.0,"(250000, 1000000000)",,,,,,,,,,
no_cap,405.tiff/tm_ccoeff_od,,,,,True,11688.0,"(250000, 1000000000)",,,,,,,,,,
no_cap,405.tiff/tm_ccoeff@matched,,,,,True,7577.0,(),,,,,,,,,,
no_cap,405.tiff/tm_ccoeff_normed,,,,,True,13008.0,"(250000, 1000000000)",,,,,,,,,,
no_cap,405.tiff/tm_ccoeff_normed_od,,,,,True,13008.0,"(250000, 1000000000)",,,,,,,,,,
no_cap,405.tiff/tm_ccoeff_normed@matched,,,,,True,7577.0,(),,,,,,,,,,
no_cap,405.tiff/blob_native,,,,,True,7577.0,(),,,,,,,,,,
no_cap,405.tiff/blob_od,,,,,True,7577.0,(),,,,,,,,,,
no_cap,405.tiff/blob_native@matched,,,,,True,7577.0,(),,,,,,,,,,
no_cap,405.tiff/disc_ccoeff,,,,,True,10297.0,(),,,,,,,,,,
no_cap,405.tiff/disc_ccoeff_od,,,,,True,10297.0,(),,,,,,,,,,
no_cap,405.tiff/disc_ccoeff@matched,,,,,True,7577.0,(),,,,,,,,,,
no_cap,405.tiff/disc_ccoeff_normed,,,,,True,12321.0,(),,,,,,,,,,
no_cap,405.tiff/disc_ccoeff_normed_od,,,,,True,12321.0,(),,,,,,,,,,
no_cap,405.tiff/disc_ccoeff_normed@matched,,,,,True,7577.0,(),,,,,,,,,,
no_cap,405.tiff/pipeline_as_shipped,,,,,True,13289.0,(),,,,,,,,,,
no_cap,405.tiff/tm_ccoeff,,,,,True,12744.0,"(250000, 1000000000)",,,,,,,,,,
no_cap,405.tiff/tm_ccoeff_od,,,,,True,12744.0,"(250000, 1000000000)",,,,,,,,,,
no_cap,405.tiff/tm_ccoeff@matched,,,,,True,7577.0,(),,,,,,,,,,
no_cap,405.tiff/tm_ccoeff_normed,,,,,True,13566.0,"(250000, 1000000000)",,,,,,,,,,
no_cap,405.tiff/tm_ccoeff_normed_od,,,,,True,13566.0,"(250000, 1000000000)",,,,,,,,,,
no_cap,405.tiff/tm_ccoeff_normed@matched,,,,,True,7577.0,(),,,,,,,,,,
no_cap,405.tiff/blob_native,,,,,True,7577.0,(),,,,,,,,,,
no_cap,405.tiff/blob_od,,,,,True,7577.0,(),,,,,,,,,,
no_cap,405.tiff/blob_native@matched,,,,,True,7577.0,(),,,,,,,,,,
no_cap,405.tiff/disc_ccoeff,,,,,True,10297.0,(),,,,,,,,,,
no_cap,405.tiff/disc_ccoeff_od,,,,,True,10297.0,(),,,,,,,,,,
no_cap,405.tiff/disc_ccoeff@matched,,,,,True,7577.0,(),,,,,,,,,,
no_cap,405.tiff/disc_ccoeff_normed,,,,,True,12321.0,(),,,,,,,,,,
no_cap,405.tiff/disc_ccoeff_normed_od,,,,,True,12321.0,(),,,,,,,,,,
no_cap,405.tiff/disc_ccoeff_normed@matched,,,,,True,7577.0,(),,,,,,,,,,
no_cap,405.tiff/pipeline_as_shipped,,,,,True,12448.0,(),,,,,,,,,,
distinct_seeds,405.tiff,,,,,True,,,5.0,5.0,10.0,5.0,,,,,,
no_cap,405.tiff/lookalike_ccoeff,,,,,True,12532.0,"(250000, 1000000000)",,,,,,,,,,
no_cap,405.tiff/lookalike_ccoeff_od,,,,,True,12532.0,"(250000, 1000000000)",,,,,,,,,,
no_cap,405.tiff/lookalike_ccoeff@matched,,,,,True,7577.0,(),,,,,,,,,,
no_cap,405.tiff/lookalike_ccoeff_normed,,,,,True,14038.0,"(250000, 1000000000)",,,,,,,,,,
no_cap,405.tiff/lookalike_ccoeff_normed_od,,,,,True,14038.0,"(250000, 1000000000)",,,,,,,,,,
no_cap,405.tiff/lookalike_ccoeff_normed@matched,,,,,True,7577.0,(),,,,,,,,,,
tissue_mask_covers_gt,406.tiff,49.0,0.0,0.0,,True,,,,,,,,,,,,
no_cap,406.tiff/tm_ccoeff,,,,,True,16013.0,"(250000, 1000000000)",,,,,,,,,,
no_cap,406.tiff/tm_ccoeff_od,,,,,True,16013.0,"(250000, 1000000000)",,,,,,,,,,
no_cap,406.tiff/tm_ccoeff@matched,,,,,True,15165.0,(),,,,,,,,,,
no_cap,406.tiff/tm_ccoeff_normed,,,,,True,16434.0,"(250000, 1000000000)",,,,,,,,,,
no_cap,406.tiff/tm_ccoeff_normed_od,,,,,True,16434.0,"(250000, 1000000000)",,,,,,,,,,
no_cap,406.tiff/tm_ccoeff_normed@matched,,,,,True,15165.0,(),,,,,,,,,,
no_cap,406.tiff/blob_native,,,,,True,15165.0,(),,,,,,,,,,
no_cap,406.tiff/blob_od,,,,,True,15165.0,(),,,,,,,,,,
no_cap,406.tiff/blob_native@matched,,,,,True,15165.0,(),,,,,,,,,,
no_cap,406.tiff/disc_ccoeff,,,,,True,12278.0,(),,,,,,,,,,
no_cap,406.tiff/disc_ccoeff_od,,,,,True,12278.0,(),,,,,,,,,,
no_cap,406.tiff/disc_ccoeff@matched,,,,,True,12278.0,(),,,,,,,,,,
no_cap,406.tiff/disc_ccoeff_normed,,,,,True,13417.0,(),,,,,,,,,,
no_cap,406.tiff/disc_ccoeff_normed_od,,,,,True,13417.0,(),,,,,,,,,,
no_cap,406.tiff/disc_ccoeff_normed@matched,,,,,True,13417.0,(),,,,,,,,,,
no_cap,406.tiff/pipeline_as_shipped,,,,,True,16573.0,(),,,,,,,,,,
no_cap,406.tiff/tm_ccoeff,,,,,True,14088.0,"(250000, 1000000000)",,,,,,,,,,
no_cap,406.tiff/tm_ccoeff_od,,,,,True,14088.0,"(250000, 1000000000)",,,,,,,,,,
no_cap,406.tiff/tm_ccoeff@matched,,,,,True,14088.0,(),,,,,,,,,,
no_cap,406.tiff/tm_ccoeff_normed,,,,,True,15226.0,"(250000, 1000000000)",,,,,,,,,,
no_cap,406.tiff/tm_ccoeff_normed_od,,,,,True,15226.0,"(250000, 1000000000)",,,,,,,,,,
no_cap,406.tiff/tm_ccoeff_normed@matched,,,,,True,14088.0,(),,,,,,,,,,
no_cap,406.tiff/blob_native,,,,,True,15165.0,(),,,,,,,,,,
no_cap,406.tiff/blob_od,,,,,True,15165.0,(),,,,,,,,,,
no_cap,406.tiff/blob_native@matched,,,,,True,14088.0,(),,,,,,,,,,
no_cap,406.tiff/disc_ccoeff,,,,,True,12278.0,(),,,,,,,,,,
no_cap,406.tiff/disc_ccoeff_od,,,,,True,12278.0,(),,,,,,,,,,
no_cap,406.tiff/disc_ccoeff@matched,,,,,True,12278.0,(),,,,,,,,,,
no_cap,406.tiff/disc_ccoeff_normed,,,,,True,13417.0,(),,,,,,,,,,
no_cap,406.tiff/disc_ccoeff_normed_od,,,,,True,13417.0,(),,,,,,,,,,
no_cap,406.tiff/disc_ccoeff_normed@matched,,,,,True,13417.0,(),,,,,,,,,,
no_cap,406.tiff/pipeline_as_shipped,,,,,True,16508.0,(),,,,,,,,,,
no_cap,406.tiff/tm_ccoeff,,,,,True,15424.0,"(250000, 1000000000)",,,,,,,,,,
no_cap,406.tiff/tm_ccoeff_od,,,,,True,15424.0,"(250000, 1000000000)",,,,,,,,,,
no_cap,406.tiff/tm_ccoeff@matched,,,,,True,15165.0,(),,,,,,,,,,
no_cap,406.tiff/tm_ccoeff_normed,,,,,True,15564.0,"(250000, 1000000000)",,,,,,,,,,
no_cap,406.tiff/tm_ccoeff_normed_od,,,,,True,15564.0,"(250000, 1000000000)",,,,,,,,,,
no_cap,406.tiff/tm_ccoeff_normed@matched,,,,,True,15165.0,(),,,,,,,,,,
no_cap,406.tiff/blob_native,,,,,True,15165.0,(),,,,,,,,,,
no_cap,406.tiff/blob_od,,,,,True,15165.0,(),,,,,,,,,,
no_cap,406.tiff/blob_native@matched,,,,,True,15165.0,(),,,,,,,,,,
no_cap,406.tiff/disc_ccoeff,,,,,True,12278.0,(),,,,,,,,,,
no_cap,406.tiff/disc_ccoeff_od,,,,,True,12278.0,(),,,,,,,,,,
no_cap,406.tiff/disc_ccoeff@matched,,,,,True,12278.0,(),,,,,,,,,,
no_cap,406.tiff/disc_ccoeff_normed,,,,,True,13417.0,(),,,,,,,,,,
no_cap,406.tiff/disc_ccoeff_normed_od,,,,,True,13417.0,(),,,,,,,,,,
no_cap,406.tiff/disc_ccoeff_normed@matched,,,,,True,13417.0,(),,,,,,,,,,
no_cap,406.tiff/pipeline_as_shipped,,,,,True,16781.0,(),,,,,,,,,,
no_cap,406.tiff/tm_ccoeff,,,,,True,15007.0,"(250000, 1000000000)",,,,,,,,,,
no_cap,406.tiff/tm_ccoeff_od,,,,,True,15007.0,"(250000, 1000000000)",,,,,,,,,,
no_cap,406.tiff/tm_ccoeff@matched,,,,,True,15007.0,(),,,,,,,,,,
no_cap,406.tiff/tm_ccoeff_normed,,,,,True,16063.0,"(250000, 1000000000)",,,,,,,,,,
no_cap,406.tiff/tm_ccoeff_normed_od,,,,,True,16063.0,"(250000, 1000000000)",,,,,,,,,,
no_cap,406.tiff/tm_ccoeff_normed@matched,,,,,True,15007.0,(),,,,,,,,,,
no_cap,406.tiff/blob_native,,,,,True,15165.0,(),,,,,,,,,,
no_cap,406.tiff/blob_od,,,,,True,15165.0,(),,,,,,,,,,
no_cap,406.tiff/blob_native@matched,,,,,True,15007.0,(),,,,,,,,,,
no_cap,406.tiff/disc_ccoeff,,,,,True,12278.0,(),,,,,,,,,,
no_cap,406.tiff/disc_ccoeff_od,,,,,True,12278.0,(),,,,,,,,,,
no_cap,406.tiff/disc_ccoeff@matched,,,,,True,12278.0,(),,,,,,,,,,
no_cap,406.tiff/disc_ccoeff_normed,,,,,True,13417.0,(),,,,,,,,,,
no_cap,406.tiff/disc_ccoeff_normed_od,,,,,True,13417.0,(),,,,,,,,,,
no_cap,406.tiff/disc_ccoeff_normed@matched,,,,,True,13417.0,(),,,,,,,,,,
no_cap,406.tiff/pipeline_as_shipped,,,,,True,17308.0,(),,,,,,,,,,
distinct_seeds,406.tiff,,,,,True,,,4.0,4.0,4.0,4.0,,,,,,
no_cap,406.tiff/lookalike_ccoeff,,,,,True,14736.0,"(250000, 1000000000)",,,,,,,,,,
no_cap,406.tiff/lookalike_ccoeff_od,,,,,True,14736.0,"(250000, 1000000000)",,,,,,,,,,
no_cap,406.tiff/lookalike_ccoeff@matched,,,,,True,14736.0,(),,,,,,,,,,
no_cap,406.tiff/lookalike_ccoeff_normed,,,,,True,15869.0,"(250000, 1000000000)",,,,,,,,,,
no_cap,406.tiff/lookalike_ccoeff_normed_od,,,,,True,15869.0,"(250000, 1000000000)",,,,,,,,,,
no_cap,406.tiff/lookalike_ccoeff_normed@matched,,,,,True,14736.0,(),,,,,,,,,,
tissue_mask_covers_gt,459.tiff,221.0,0.0,0.0,,True,,,,,,,,,,,,
no_cap,459.tiff/tm_ccoeff,,,,,True,14216.0,"(250000, 1000000000)",,,,,,,,,,
no_cap,459.tiff/tm_ccoeff_od,,,,,True,14216.0,"(250000, 1000000000)",,,,,,,,,,
no_cap,459.tiff/tm_ccoeff@matched,,,,,True,14216.0,(),,,,,,,,,,
no_cap,459.tiff/tm_ccoeff_normed,,,,,True,14636.0,"(250000, 1000000000)",,,,,,,,,,
no_cap,459.tiff/tm_ccoeff_normed_od,,,,,True,14636.0,"(250000, 1000000000)",,,,,,,,,,
no_cap,459.tiff/tm_ccoeff_normed@matched,,,,,True,14216.0,(),,,,,,,,,,
no_cap,459.tiff/blob_native,,,,,True,15390.0,(),,,,,,,,,,
no_cap,459.tiff/blob_od,,,,,True,15390.0,(),,,,,,,,,,
no_cap,459.tiff/blob_native@matched,,,,,True,14216.0,(),,,,,,,,,,
no_cap,459.tiff/disc_ccoeff,,,,,True,12748.0,(),,,,,,,,,,
no_cap,459.tiff/disc_ccoeff_od,,,,,True,12748.0,(),,,,,,,,,,
no_cap,459.tiff/disc_ccoeff@matched,,,,,True,12748.0,(),,,,,,,,,,
no_cap,459.tiff/disc_ccoeff_normed,,,,,True,13113.0,(),,,,,,,,,,
no_cap,459.tiff/disc_ccoeff_normed_od,,,,,True,13113.0,(),,,,,,,,,,
no_cap,459.tiff/disc_ccoeff_normed@matched,,,,,True,13113.0,(),,,,,,,,,,
no_cap,459.tiff/pipeline_as_shipped,,,,,True,17336.0,(),,,,,,,,,,
no_cap,459.tiff/tm_ccoeff,,,,,True,13625.0,"(250000, 1000000000)",,,,,,,,,,
no_cap,459.tiff/tm_ccoeff_od,,,,,True,13625.0,"(250000, 1000000000)",,,,,,,,,,
no_cap,459.tiff/tm_ccoeff@matched,,,,,True,13625.0,(),,,,,,,,,,
no_cap,459.tiff/tm_ccoeff_normed,,,,,True,14074.0,"(250000, 1000000000)",,,,,,,,,,
no_cap,459.tiff/tm_ccoeff_normed_od,,,,,True,14074.0,"(250000, 1000000000)",,,,,,,,,,
no_cap,459.tiff/tm_ccoeff_normed@matched,,,,,True,13625.0,(),,,,,,,,,,
no_cap,459.tiff/blob_native,,,,,True,15390.0,(),,,,,,,,,,
no_cap,459.tiff/blob_od,,,,,True,15390.0,(),,,,,,,,,,
no_cap,459.tiff/blob_native@matched,,,,,True,13625.0,(),,,,,,,,,,
no_cap,459.tiff/disc_ccoeff,,,,,True,12748.0,(),,,,,,,,,,
no_cap,459.tiff/disc_ccoeff_od,,,,,True,12748.0,(),,,,,,,,,,
no_cap,459.tiff/disc_ccoeff@matched,,,,,True,12748.0,(),,,,,,,,,,
no_cap,459.tiff/disc_ccoeff_normed,,,,,True,13113.0,(),,,,,,,,,,
no_cap,459.tiff/disc_ccoeff_normed_od,,,,,True,13113.0,(),,,,,,,,,,
no_cap,459.tiff/disc_ccoeff_normed@matched,,,,,True,13113.0,(),,,,,,,,,,
no_cap,459.tiff/pipeline_as_shipped,,,,,True,15865.0,(),,,,,,,,,,
no_cap,459.tiff/tm_ccoeff,,,,,True,14407.0,"(250000, 1000000000)",,,,,,,,,,
no_cap,459.tiff/tm_ccoeff_od,,,,,True,14407.0,"(250000, 1000000000)",,,,,,,,,,
no_cap,459.tiff/tm_ccoeff@matched,,,,,True,14407.0,(),,,,,,,,,,
no_cap,459.tiff/tm_ccoeff_normed,,,,,True,14932.0,"(250000, 1000000000)",,,,,,,,,,
no_cap,459.tiff/tm_ccoeff_normed_od,,,,,True,14932.0,"(250000, 1000000000)",,,,,,,,,,
no_cap,459.tiff/tm_ccoeff_normed@matched,,,,,True,14407.0,(),,,,,,,,,,
no_cap,459.tiff/blob_native,,,,,True,15390.0,(),,,,,,,,,,
no_cap,459.tiff/blob_od,,,,,True,15390.0,(),,,,,,,,,,
no_cap,459.tiff/blob_native@matched,,,,,True,14407.0,(),,,,,,,,,,
no_cap,459.tiff/disc_ccoeff,,,,,True,12748.0,(),,,,,,,,,,
no_cap,459.tiff/disc_ccoeff_od,,,,,True,12748.0,(),,,,,,,,,,
no_cap,459.tiff/disc_ccoeff@matched,,,,,True,12748.0,(),,,,,,,,,,
no_cap,459.tiff/disc_ccoeff_normed,,,,,True,13113.0,(),,,,,,,,,,
no_cap,459.tiff/disc_ccoeff_normed_od,,,,,True,13113.0,(),,,,,,,,,,
no_cap,459.tiff/disc_ccoeff_normed@matched,,,,,True,13113.0,(),,,,,,,,,,
no_cap,459.tiff/pipeline_as_shipped,,,,,True,16175.0,(),,,,,,,,,,
no_cap,459.tiff/tm_ccoeff,,,,,True,14404.0,"(250000, 1000000000)",,,,,,,,,,
no_cap,459.tiff/tm_ccoeff_od,,,,,True,14404.0,"(250000, 1000000000)",,,,,,,,,,
no_cap,459.tiff/tm_ccoeff@matched,,,,,True,14404.0,(),,,,,,,,,,
no_cap,459.tiff/tm_ccoeff_normed,,,,,True,14868.0,"(250000, 1000000000)",,,,,,,,,,
no_cap,459.tiff/tm_ccoeff_normed_od,,,,,True,14868.0,"(250000, 1000000000)",,,,,,,,,,
no_cap,459.tiff/tm_ccoeff_normed@matched,,,,,True,14404.0,(),,,,,,,,,,
no_cap,459.tiff/blob_native,,,,,True,15390.0,(),,,,,,,,,,
no_cap,459.tiff/blob_od,,,,,True,15390.0,(),,,,,,,,,,
no_cap,459.tiff/blob_native@matched,,,,,True,14404.0,(),,,,,,,,,,
no_cap,459.tiff/disc_ccoeff,,,,,True,12748.0,(),,,,,,,,,,
no_cap,459.tiff/disc_ccoeff_od,,,,,True,12748.0,(),,,,,,,,,,
no_cap,459.tiff/disc_ccoeff@matched,,,,,True,12748.0,(),,,,,,,,,,
no_cap,459.tiff/disc_ccoeff_normed,,,,,True,13113.0,(),,,,,,,,,,
no_cap,459.tiff/disc_ccoeff_normed_od,,,,,True,13113.0,(),,,,,,,,,,
no_cap,459.tiff/disc_ccoeff_normed@matched,,,,,True,13113.0,(),,,,,,,,,,
no_cap,459.tiff/pipeline_as_shipped,,,,,True,15184.0,(),,,,,,,,,,
no_cap,459.tiff/tm_ccoeff,,,,,True,14234.0,"(250000, 1000000000)",,,,,,,,,,
no_cap,459.tiff/tm_ccoeff_od,,,,,True,14234.0,"(250000, 1000000000)",,,,,,,,,,
no_cap,459.tiff/tm_ccoeff@matched,,,,,True,14234.0,(),,,,,,,,,,
no_cap,459.tiff/tm_ccoeff_normed,,,,,True,14611.0,"(250000, 1000000000)",,,,,,,,,,
no_cap,459.tiff/tm_ccoeff_normed_od,,,,,True,14611.0,"(250000, 1000000000)",,,,,,,,,,
no_cap,459.tiff/tm_ccoeff_normed@matched,,,,,True,14234.0,(),,,,,,,,,,
no_cap,459.tiff/blob_native,,,,,True,15390.0,(),,,,,,,,,,
no_cap,459.tiff/blob_od,,,,,True,15390.0,(),,,,,,,,,,
no_cap,459.tiff/blob_native@matched,,,,,True,14234.0,(),,,,,,,,,,
no_cap,459.tiff/disc_ccoeff,,,,,True,12748.0,(),,,,,,,,,,
no_cap,459.tiff/disc_ccoeff_od,,,,,True,12748.0,(),,,,,,,,,,
no_cap,459.tiff/disc_ccoeff@matched,,,,,True,12748.0,(),,,,,,,,,,
no_cap,459.tiff/disc_ccoeff_normed,,,,,True,13113.0,(),,,,,,,,,,
no_cap,459.tiff/disc_ccoeff_normed_od,,,,,True,13113.0,(),,,,,,,,,,
no_cap,459.tiff/disc_ccoeff_normed@matched,,,,,True,13113.0,(),,,,,,,,,,
no_cap,459.tiff/pipeline_as_shipped,,,,,True,15179.0,(),,,,,,,,,,
distinct_seeds,459.tiff,,,,,True,,,5.0,5.0,121.0,5.0,,,,,,
no_cap,459.tiff/lookalike_ccoeff,,,,,True,15416.0,"(250000, 1000000000)",,,,,,,,,,
no_cap,459.tiff/lookalike_ccoeff_od,,,,,True,15416.0,"(250000, 1000000000)",,,,,,,,,,
no_cap,459.tiff/lookalike_ccoeff@matched,,,,,True,15390.0,(),,,,,,,,,,
no_cap,459.tiff/lookalike_ccoeff_normed,,,,,True,15811.0,"(250000, 1000000000)",,,,,,,,,,
no_cap,459.tiff/lookalike_ccoeff_normed_od,,,,,True,15811.0,"(250000, 1000000000)",,,,,,,,,,
no_cap,459.tiff/lookalike_ccoeff_normed@matched,,,,,True,15390.0,(),,,,,,,,,,
tissue_mask_covers_gt,002.tiff,16.0,0.0,0.0,,True,,,,,,,,,,,,
no_cap,002.tiff/tm_ccoeff,,,,,True,13732.0,"(250000, 1000000000)",,,,,,,,,,
no_cap,002.tiff/tm_ccoeff_od,,,,,True,13732.0,"(250000, 1000000000)",,,,,,,,,,
no_cap,002.tiff/tm_ccoeff@matched,,,,,True,8814.0,(),,,,,,,,,,
no_cap,002.tiff/tm_ccoeff_normed,,,,,True,15164.0,"(250000, 1000000000)",,,,,,,,,,
no_cap,002.tiff/tm_ccoeff_normed_od,,,,,True,15164.0,"(250000, 1000000000)",,,,,,,,,,
no_cap,002.tiff/tm_ccoeff_normed@matched,,,,,True,8814.0,(),,,,,,,,,,
no_cap,002.tiff/blob_native,,,,,True,8814.0,(),,,,,,,,,,
no_cap,002.tiff/blob_od,,,,,True,8814.0,(),,,,,,,,,,
no_cap,002.tiff/blob_native@matched,,,,,True,8814.0,(),,,,,,,,,,
no_cap,002.tiff/disc_ccoeff,,,,,True,12288.0,(),,,,,,,,,,
no_cap,002.tiff/disc_ccoeff_od,,,,,True,12288.0,(),,,,,,,,,,
no_cap,002.tiff/disc_ccoeff@matched,,,,,True,8814.0,(),,,,,,,,,,
no_cap,002.tiff/disc_ccoeff_normed,,,,,True,14238.0,(),,,,,,,,,,
no_cap,002.tiff/disc_ccoeff_normed_od,,,,,True,14238.0,(),,,,,,,,,,
no_cap,002.tiff/disc_ccoeff_normed@matched,,,,,True,8814.0,(),,,,,,,,,,
no_cap,002.tiff/pipeline_as_shipped,,,,,True,17092.0,(),,,,,,,,,,
no_cap,002.tiff/tm_ccoeff,,,,,True,13727.0,"(250000, 1000000000)",,,,,,,,,,
no_cap,002.tiff/tm_ccoeff_od,,,,,True,13727.0,"(250000, 1000000000)",,,,,,,,,,
no_cap,002.tiff/tm_ccoeff@matched,,,,,True,8814.0,(),,,,,,,,,,
no_cap,002.tiff/tm_ccoeff_normed,,,,,True,15231.0,"(250000, 1000000000)",,,,,,,,,,
no_cap,002.tiff/tm_ccoeff_normed_od,,,,,True,15231.0,"(250000, 1000000000)",,,,,,,,,,
no_cap,002.tiff/tm_ccoeff_normed@matched,,,,,True,8814.0,(),,,,,,,,,,
no_cap,002.tiff/blob_native,,,,,True,8814.0,(),,,,,,,,,,
no_cap,002.tiff/blob_od,,,,,True,8814.0,(),,,,,,,,,,
no_cap,002.tiff/blob_native@matched,,,,,True,8814.0,(),,,,,,,,,,
no_cap,002.tiff/disc_ccoeff,,,,,True,12288.0,(),,,,,,,,,,
no_cap,002.tiff/disc_ccoeff_od,,,,,True,12288.0,(),,,,,,,,,,
no_cap,002.tiff/disc_ccoeff@matched,,,,,True,8814.0,(),,,,,,,,,,
no_cap,002.tiff/disc_ccoeff_normed,,,,,True,14238.0,(),,,,,,,,,,
no_cap,002.tiff/disc_ccoeff_normed_od,,,,,True,14238.0,(),,,,,,,,,,
no_cap,002.tiff/disc_ccoeff_normed@matched,,,,,True,8814.0,(),,,,,,,,,,
no_cap,002.tiff/pipeline_as_shipped,,,,,True,17523.0,(),,,,,,,,,,
no_cap,002.tiff/tm_ccoeff,,,,,True,14104.0,"(250000, 1000000000)",,,,,,,,,,
no_cap,002.tiff/tm_ccoeff_od,,,,,True,14104.0,"(250000, 1000000000)",,,,,,,,,,
no_cap,002.tiff/tm_ccoeff@matched,,,,,True,8814.0,(),,,,,,,,,,
no_cap,002.tiff/tm_ccoeff_normed,,,,,True,15644.0,"(250000, 1000000000)",,,,,,,,,,
no_cap,002.tiff/tm_ccoeff_normed_od,,,,,True,15644.0,"(250000, 1000000000)",,,,,,,,,,
no_cap,002.tiff/tm_ccoeff_normed@matched,,,,,True,8814.0,(),,,,,,,,,,
no_cap,002.tiff/blob_native,,,,,True,8814.0,(),,,,,,,,,,
no_cap,002.tiff/blob_od,,,,,True,8814.0,(),,,,,,,,,,
no_cap,002.tiff/blob_native@matched,,,,,True,8814.0,(),,,,,,,,,,
no_cap,002.tiff/disc_ccoeff,,,,,True,12288.0,(),,,,,,,,,,
no_cap,002.tiff/disc_ccoeff_od,,,,,True,12288.0,(),,,,,,,,,,
no_cap,002.tiff/disc_ccoeff@matched,,,,,True,8814.0,(),,,,,,,,,,
no_cap,002.tiff/disc_ccoeff_normed,,,,,True,14238.0,(),,,,,,,,,,
no_cap,002.tiff/disc_ccoeff_normed_od,,,,,True,14238.0,(),,,,,,,,,,
no_cap,002.tiff/disc_ccoeff_normed@matched,,,,,True,8814.0,(),,,,,,,,,,
no_cap,002.tiff/pipeline_as_shipped,,,,,True,16857.0,(),,,,,,,,,,
no_cap,002.tiff/tm_ccoeff,,,,,True,13567.0,"(250000, 1000000000)",,,,,,,,,,
no_cap,002.tiff/tm_ccoeff_od,,,,,True,13567.0,"(250000, 1000000000)",,,,,,,,,,
no_cap,002.tiff/tm_ccoeff@matched,,,,,True,8814.0,(),,,,,,,,,,
no_cap,002.tiff/tm_ccoeff_normed,,,,,True,15125.0,"(250000, 1000000000)",,,,,,,,,,
no_cap,002.tiff/tm_ccoeff_normed_od,,,,,True,15125.0,"(250000, 1000000000)",,,,,,,,,,
no_cap,002.tiff/tm_ccoeff_normed@matched,,,,,True,8814.0,(),,,,,,,,,,
no_cap,002.tiff/blob_native,,,,,True,8814.0,(),,,,,,,,,,
no_cap,002.tiff/blob_od,,,,,True,8814.0,(),,,,,,,,,,
no_cap,002.tiff/blob_native@matched,,,,,True,8814.0,(),,,,,,,,,,
no_cap,002.tiff/disc_ccoeff,,,,,True,12288.0,(),,,,,,,,,,
no_cap,002.tiff/disc_ccoeff_od,,,,,True,12288.0,(),,,,,,,,,,
no_cap,002.tiff/disc_ccoeff@matched,,,,,True,8814.0,(),,,,,,,,,,
no_cap,002.tiff/disc_ccoeff_normed,,,,,True,14238.0,(),,,,,,,,,,
no_cap,002.tiff/disc_ccoeff_normed_od,,,,,True,14238.0,(),,,,,,,,,,
no_cap,002.tiff/disc_ccoeff_normed@matched,,,,,True,8814.0,(),,,,,,,,,,
no_cap,002.tiff/pipeline_as_shipped,,,,,True,16681.0,(),,,,,,,,,,
no_cap,002.tiff/tm_ccoeff,,,,,True,13026.0,"(250000, 1000000000)",,,,,,,,,,
no_cap,002.tiff/tm_ccoeff_od,,,,,True,13026.0,"(250000, 1000000000)",,,,,,,,,,
no_cap,002.tiff/tm_ccoeff@matched,,,,,True,8814.0,(),,,,,,,,,,
no_cap,002.tiff/tm_ccoeff_normed,,,,,True,14694.0,"(250000, 1000000000)",,,,,,,,,,
no_cap,002.tiff/tm_ccoeff_normed_od,,,,,True,14694.0,"(250000, 1000000000)",,,,,,,,,,
no_cap,002.tiff/tm_ccoeff_normed@matched,,,,,True,8814.0,(),,,,,,,,,,
no_cap,002.tiff/blob_native,,,,,True,8814.0,(),,,,,,,,,,
no_cap,002.tiff/blob_od,,,,,True,8814.0,(),,,,,,,,,,
no_cap,002.tiff/blob_native@matched,,,,,True,8814.0,(),,,,,,,,,,
no_cap,002.tiff/disc_ccoeff,,,,,True,12288.0,(),,,,,,,,,,
no_cap,002.tiff/disc_ccoeff_od,,,,,True,12288.0,(),,,,,,,,,,
no_cap,002.tiff/disc_ccoeff@matched,,,,,True,8814.0,(),,,,,,,,,,
no_cap,002.tiff/disc_ccoeff_normed,,,,,True,14238.0,(),,,,,,,,,,
no_cap,002.tiff/disc_ccoeff_normed_od,,,,,True,14238.0,(),,,,,,,,,,
no_cap,002.tiff/disc_ccoeff_normed@matched,,,,,True,8814.0,(),,,,,,,,,,
no_cap,002.tiff/pipeline_as_shipped,,,,,True,14804.0,(),,,,,,,,,,
distinct_seeds,002.tiff,,,,,True,,,5.0,5.0,7.0,5.0,,,,,,
no_cap,002.tiff/lookalike_ccoeff,,,,,True,13600.0,"(250000, 1000000000)",,,,,,,,,,
no_cap,002.tiff/lookalike_ccoeff_od,,,,,True,13600.0,"(250000, 1000000000)",,,,,,,,,,
no_cap,002.tiff/lookalike_ccoeff@matched,,,,,True,8814.0,(),,,,,,,,,,
no_cap,002.tiff/lookalike_ccoeff_normed,,,,,True,14999.0,"(250000, 1000000000)",,,,,,,,,,
no_cap,002.tiff/lookalike_ccoeff_normed_od,,,,,True,14999.0,"(250000, 1000000000)",,,,,,,,,,
no_cap,002.tiff/lookalike_ccoeff_normed@matched,,,,,True,8814.0,(),,,,,,,,,,
tissue_mask_covers_gt,094.tiff,184.0,0.0,0.0,,True,,,,,,,,,,,,
no_cap,094.tiff/tm_ccoeff,,,,,True,15161.0,"(250000, 1000000000)",,,,,,,,,,
no_cap,094.tiff/tm_ccoeff_od,,,,,True,15161.0,"(250000, 1000000000)",,,,,,,,,,
no_cap,094.tiff/tm_ccoeff@matched,,,,,True,11041.0,(),,,,,,,,,,
no_cap,094.tiff/tm_ccoeff_normed,,,,,True,16450.0,"(250000, 1000000000)",,,,,,,,,,
no_cap,094.tiff/tm_ccoeff_normed_od,,,,,True,16450.0,"(250000, 1000000000)",,,,,,,,,,
no_cap,094.tiff/tm_ccoeff_normed@matched,,,,,True,11041.0,(),,,,,,,,,,
no_cap,094.tiff/blob_native,,,,,True,11041.0,(),,,,,,,,,,
no_cap,094.tiff/blob_od,,,,,True,11041.0,(),,,,,,,,,,
no_cap,094.tiff/blob_native@matched,,,,,True,11041.0,(),,,,,,,,,,
no_cap,094.tiff/disc_ccoeff,,,,,True,12625.0,(),,,,,,,,,,
no_cap,094.tiff/disc_ccoeff_od,,,,,True,12625.0,(),,,,,,,,,,
no_cap,094.tiff/disc_ccoeff@matched,,,,,True,11041.0,(),,,,,,,,,,
no_cap,094.tiff/disc_ccoeff_normed,,,,,True,13948.0,(),,,,,,,,,,
no_cap,094.tiff/disc_ccoeff_normed_od,,,,,True,13948.0,(),,,,,,,,,,
no_cap,094.tiff/disc_ccoeff_normed@matched,,,,,True,11041.0,(),,,,,,,,,,
no_cap,094.tiff/pipeline_as_shipped,,,,,True,17721.0,(),,,,,,,,,,
no_cap,094.tiff/tm_ccoeff,,,,,True,15374.0,"(250000, 1000000000)",,,,,,,,,,
no_cap,094.tiff/tm_ccoeff_od,,,,,True,15374.0,"(250000, 1000000000)",,,,,,,,,,
no_cap,094.tiff/tm_ccoeff@matched,,,,,True,11041.0,(),,,,,,,,,,
no_cap,094.tiff/tm_ccoeff_normed,,,,,True,16591.0,"(250000, 1000000000)",,,,,,,,,,
no_cap,094.tiff/tm_ccoeff_normed_od,,,,,True,16591.0,"(250000, 1000000000)",,,,,,,,,,
no_cap,094.tiff/tm_ccoeff_normed@matched,,,,,True,11041.0,(),,,,,,,,,,
no_cap,094.tiff/blob_native,,,,,True,11041.0,(),,,,,,,,,,
no_cap,094.tiff/blob_od,,,,,True,11041.0,(),,,,,,,,,,
no_cap,094.tiff/blob_native@matched,,,,,True,11041.0,(),,,,,,,,,,
no_cap,094.tiff/disc_ccoeff,,,,,True,12625.0,(),,,,,,,,,,
no_cap,094.tiff/disc_ccoeff_od,,,,,True,12625.0,(),,,,,,,,,,
no_cap,094.tiff/disc_ccoeff@matched,,,,,True,11041.0,(),,,,,,,,,,
no_cap,094.tiff/disc_ccoeff_normed,,,,,True,13948.0,(),,,,,,,,,,
no_cap,094.tiff/disc_ccoeff_normed_od,,,,,True,13948.0,(),,,,,,,,,,
no_cap,094.tiff/disc_ccoeff_normed@matched,,,,,True,11041.0,(),,,,,,,,,,
no_cap,094.tiff/pipeline_as_shipped,,,,,True,17934.0,(),,,,,,,,,,
no_cap,094.tiff/tm_ccoeff,,,,,True,14496.0,"(250000, 1000000000)",,,,,,,,,,
no_cap,094.tiff/tm_ccoeff_od,,,,,True,14496.0,"(250000, 1000000000)",,,,,,,,,,
no_cap,094.tiff/tm_ccoeff@matched,,,,,True,11041.0,(),,,,,,,,,,
no_cap,094.tiff/tm_ccoeff_normed,,,,,True,15758.0,"(250000, 1000000000)",,,,,,,,,,
no_cap,094.tiff/tm_ccoeff_normed_od,,,,,True,15758.0,"(250000, 1000000000)",,,,,,,,,,
no_cap,094.tiff/tm_ccoeff_normed@matched,,,,,True,11041.0,(),,,,,,,,,,
no_cap,094.tiff/blob_native,,,,,True,11041.0,(),,,,,,,,,,
no_cap,094.tiff/blob_od,,,,,True,11041.0,(),,,,,,,,,,
no_cap,094.tiff/blob_native@matched,,,,,True,11041.0,(),,,,,,,,,,
no_cap,094.tiff/disc_ccoeff,,,,,True,12625.0,(),,,,,,,,,,
no_cap,094.tiff/disc_ccoeff_od,,,,,True,12625.0,(),,,,,,,,,,
no_cap,094.tiff/disc_ccoeff@matched,,,,,True,11041.0,(),,,,,,,,,,
no_cap,094.tiff/disc_ccoeff_normed,,,,,True,13948.0,(),,,,,,,,,,
no_cap,094.tiff/disc_ccoeff_normed_od,,,,,True,13948.0,(),,,,,,,,,,
no_cap,094.tiff/disc_ccoeff_normed@matched,,,,,True,11041.0,(),,,,,,,,,,
no_cap,094.tiff/pipeline_as_shipped,,,,,True,17884.0,(),,,,,,,,,,
no_cap,094.tiff/tm_ccoeff,,,,,True,14126.0,"(250000, 1000000000)",,,,,,,,,,
no_cap,094.tiff/tm_ccoeff_od,,,,,True,14126.0,"(250000, 1000000000)",,,,,,,,,,
no_cap,094.tiff/tm_ccoeff@matched,,,,,True,11041.0,(),,,,,,,,,,
no_cap,094.tiff/tm_ccoeff_normed,,,,,True,15522.0,"(250000, 1000000000)",,,,,,,,,,
no_cap,094.tiff/tm_ccoeff_normed_od,,,,,True,15522.0,"(250000, 1000000000)",,,,,,,,,,
no_cap,094.tiff/tm_ccoeff_normed@matched,,,,,True,11041.0,(),,,,,,,,,,
no_cap,094.tiff/blob_native,,,,,True,11041.0,(),,,,,,,,,,
no_cap,094.tiff/blob_od,,,,,True,11041.0,(),,,,,,,,,,
no_cap,094.tiff/blob_native@matched,,,,,True,11041.0,(),,,,,,,,,,
no_cap,094.tiff/disc_ccoeff,,,,,True,12625.0,(),,,,,,,,,,
no_cap,094.tiff/disc_ccoeff_od,,,,,True,12625.0,(),,,,,,,,,,
no_cap,094.tiff/disc_ccoeff@matched,,,,,True,11041.0,(),,,,,,,,,,
no_cap,094.tiff/disc_ccoeff_normed,,,,,True,13948.0,(),,,,,,,,,,
no_cap,094.tiff/disc_ccoeff_normed_od,,,,,True,13948.0,(),,,,,,,,,,
no_cap,094.tiff/disc_ccoeff_normed@matched,,,,,True,11041.0,(),,,,,,,,,,
no_cap,094.tiff/pipeline_as_shipped,,,,,True,16980.0,(),,,,,,,,,,
no_cap,094.tiff/tm_ccoeff,,,,,True,15031.0,"(250000, 1000000000)",,,,,,,,,,
no_cap,094.tiff/tm_ccoeff_od,,,,,True,15031.0,"(250000, 1000000000)",,,,,,,,,,
no_cap,094.tiff/tm_ccoeff@matched,,,,,True,11041.0,(),,,,,,,,,,
no_cap,094.tiff/tm_ccoeff_normed,,,,,True,16343.0,"(250000, 1000000000)",,,,,,,,,,
no_cap,094.tiff/tm_ccoeff_normed_od,,,,,True,16343.0,"(250000, 1000000000)",,,,,,,,,,
no_cap,094.tiff/tm_ccoeff_normed@matched,,,,,True,11041.0,(),,,,,,,,,,
no_cap,094.tiff/blob_native,,,,,True,11041.0,(),,,,,,,,,,
no_cap,094.tiff/blob_od,,,,,True,11041.0,(),,,,,,,,,,
no_cap,094.tiff/blob_native@matched,,,,,True,11041.0,(),,,,,,,,,,
no_cap,094.tiff/disc_ccoeff,,,,,True,12625.0,(),,,,,,,,,,
no_cap,094.tiff/disc_ccoeff_od,,,,,True,12625.0,(),,,,,,,,,,
no_cap,094.tiff/disc_ccoeff@matched,,,,,True,11041.0,(),,,,,,,,,,
no_cap,094.tiff/disc_ccoeff_normed,,,,,True,13948.0,(),,,,,,,,,,
no_cap,094.tiff/disc_ccoeff_normed_od,,,,,True,13948.0,(),,,,,,,,,,
no_cap,094.tiff/disc_ccoeff_normed@matched,,,,,True,11041.0,(),,,,,,,,,,
no_cap,094.tiff/pipeline_as_shipped,,,,,True,17167.0,(),,,,,,,,,,
distinct_seeds,094.tiff,,,,,True,,,5.0,5.0,49.0,5.0,,,,,,
no_cap,094.tiff/lookalike_ccoeff,,,,,True,14926.0,"(250000, 1000000000)",,,,,,,,,,
no_cap,094.tiff/lookalike_ccoeff_od,,,,,True,14926.0,"(250000, 1000000000)",,,,,,,,,,
no_cap,094.tiff/lookalike_ccoeff@matched,,,,,True,11041.0,(),,,,,,,,,,
no_cap,094.tiff/lookalike_ccoeff_normed,,,,,True,16047.0,"(250000, 1000000000)",,,,,,,,,,
no_cap,094.tiff/lookalike_ccoeff_normed_od,,,,,True,16047.0,"(250000, 1000000000)",,,,,,,,,,
no_cap,094.tiff/lookalike_ccoeff_normed@matched,,,,,True,11041.0,(),,,,,,,,,,
tissue_mask_covers_gt,505.tiff,12.0,0.0,0.0,,True,,,,,,,,,,,,
no_cap,505.tiff/tm_ccoeff,,,,,True,12130.0,"(250000, 1000000000)",,,,,,,,,,
no_cap,505.tiff/tm_ccoeff_od,,,,,True,12130.0,"(250000, 1000000000)",,,,,,,,,,
no_cap,505.tiff/tm_ccoeff@matched,,,,,True,6924.0,(),,,,,,,,,,
no_cap,505.tiff/tm_ccoeff_normed,,,,,True,17447.0,"(250000, 1000000000)",,,,,,,,,,
no_cap,505.tiff/tm_ccoeff_normed_od,,,,,True,17447.0,"(250000, 1000000000)",,,,,,,,,,
no_cap,505.tiff/tm_ccoeff_normed@matched,,,,,True,6924.0,(),,,,,,,,,,
no_cap,505.tiff/blob_native,,,,,True,6924.0,(),,,,,,,,,,
no_cap,505.tiff/blob_od,,,,,True,6924.0,(),,,,,,,,,,
no_cap,505.tiff/blob_native@matched,,,,,True,6924.0,(),,,,,,,,,,
no_cap,505.tiff/disc_ccoeff,,,,,True,11480.0,(),,,,,,,,,,
no_cap,505.tiff/disc_ccoeff_od,,,,,True,11480.0,(),,,,,,,,,,
no_cap,505.tiff/disc_ccoeff@matched,,,,,True,6924.0,(),,,,,,,,,,
no_cap,505.tiff/disc_ccoeff_normed,,,,,True,16442.0,(),,,,,,,,,,
no_cap,505.tiff/disc_ccoeff_normed_od,,,,,True,16442.0,(),,,,,,,,,,
no_cap,505.tiff/disc_ccoeff_normed@matched,,,,,True,6924.0,(),,,,,,,,,,
no_cap,505.tiff/pipeline_as_shipped,,,,,True,18298.0,(),,,,,,,,,,
no_cap,505.tiff/tm_ccoeff,,,,,True,11497.0,"(250000, 1000000000)",,,,,,,,,,
no_cap,505.tiff/tm_ccoeff_od,,,,,True,11497.0,"(250000, 1000000000)",,,,,,,,,,
no_cap,505.tiff/tm_ccoeff@matched,,,,,True,6924.0,(),,,,,,,,,,
no_cap,505.tiff/tm_ccoeff_normed,,,,,True,16583.0,"(250000, 1000000000)",,,,,,,,,,
no_cap,505.tiff/tm_ccoeff_normed_od,,,,,True,16583.0,"(250000, 1000000000)",,,,,,,,,,
no_cap,505.tiff/tm_ccoeff_normed@matched,,,,,True,6924.0,(),,,,,,,,,,
no_cap,505.tiff/blob_native,,,,,True,6924.0,(),,,,,,,,,,
no_cap,505.tiff/blob_od,,,,,True,6924.0,(),,,,,,,,,,
no_cap,505.tiff/blob_native@matched,,,,,True,6924.0,(),,,,,,,,,,
no_cap,505.tiff/disc_ccoeff,,,,,True,11480.0,(),,,,,,,,,,
no_cap,505.tiff/disc_ccoeff_od,,,,,True,11480.0,(),,,,,,,,,,
no_cap,505.tiff/disc_ccoeff@matched,,,,,True,6924.0,(),,,,,,,,,,
no_cap,505.tiff/disc_ccoeff_normed,,,,,True,16442.0,(),,,,,,,,,,
no_cap,505.tiff/disc_ccoeff_normed_od,,,,,True,16442.0,(),,,,,,,,,,
no_cap,505.tiff/disc_ccoeff_normed@matched,,,,,True,6924.0,(),,,,,,,,,,
no_cap,505.tiff/pipeline_as_shipped,,,,,True,16002.0,(),,,,,,,,,,
distinct_seeds,505.tiff,,,,,True,,,2.0,2.0,2.0,2.0,,,,,,
no_cap,505.tiff/lookalike_ccoeff,,,,,True,12183.0,"(250000, 1000000000)",,,,,,,,,,
no_cap,505.tiff/lookalike_ccoeff_od,,,,,True,12183.0,"(250000, 1000000000)",,,,,,,,,,
no_cap,505.tiff/lookalike_ccoeff@matched,,,,,True,6924.0,(),,,,,,,,,,
no_cap,505.tiff/lookalike_ccoeff_normed,,,,,True,17390.0,"(250000, 1000000000)",,,,,,,,,,
no_cap,505.tiff/lookalike_ccoeff_normed_od,,,,,True,17390.0,"(250000, 1000000000)",,,,,,,,,,
no_cap,505.tiff/lookalike_ccoeff_normed@matched,,,,,True,6924.0,(),,,,,,,,,,
tissue_mask_covers_gt,506.tiff,24.0,1.0,0.0,24249(cat2),True,,,,,,,,,,,,
no_cap,506.tiff/tm_ccoeff,,,,,True,14421.0,"(250000, 1000000000)",,,,,,,,,,
no_cap,506.tiff/tm_ccoeff_od,,,,,True,14421.0,"(250000, 1000000000)",,,,,,,,,,
no_cap,506.tiff/tm_ccoeff@matched,,,,,True,8754.0,(),,,,,,,,,,
no_cap,506.tiff/tm_ccoeff_normed,,,,,True,17095.0,"(250000, 1000000000)",,,,,,,,,,
no_cap,506.tiff/tm_ccoeff_normed_od,,,,,True,17095.0,"(250000, 1000000000)",,,,,,,,,,
no_cap,506.tiff/tm_ccoeff_normed@matched,,,,,True,8754.0,(),,,,,,,,,,
no_cap,506.tiff/blob_native,,,,,True,8754.0,(),,,,,,,,,,
no_cap,506.tiff/blob_od,,,,,True,8754.0,(),,,,,,,,,,
no_cap,506.tiff/blob_native@matched,,,,,True,8754.0,(),,,,,,,,,,
no_cap,506.tiff/disc_ccoeff,,,,,True,12013.0,(),,,,,,,,,,
no_cap,506.tiff/disc_ccoeff_od,,,,,True,12013.0,(),,,,,,,,,,
no_cap,506.tiff/disc_ccoeff@matched,,,,,True,8754.0,(),,,,,,,,,,
no_cap,506.tiff/disc_ccoeff_normed,,,,,True,15246.0,(),,,,,,,,,,
no_cap,506.tiff/disc_ccoeff_normed_od,,,,,True,15246.0,(),,,,,,,,,,
no_cap,506.tiff/disc_ccoeff_normed@matched,,,,,True,8754.0,(),,,,,,,,,,
no_cap,506.tiff/pipeline_as_shipped,,,,,True,17657.0,(),,,,,,,,,,
no_cap,506.tiff/tm_ccoeff,,,,,True,14296.0,"(250000, 1000000000)",,,,,,,,,,
no_cap,506.tiff/tm_ccoeff_od,,,,,True,14296.0,"(250000, 1000000000)",,,,,,,,,,
no_cap,506.tiff/tm_ccoeff@matched,,,,,True,8754.0,(),,,,,,,,,,
no_cap,506.tiff/tm_ccoeff_normed,,,,,True,16757.0,"(250000, 1000000000)",,,,,,,,,,
no_cap,506.tiff/tm_ccoeff_normed_od,,,,,True,16757.0,"(250000, 1000000000)",,,,,,,,,,
no_cap,506.tiff/tm_ccoeff_normed@matched,,,,,True,8754.0,(),,,,,,,,,,
no_cap,506.tiff/blob_native,,,,,True,8754.0,(),,,,,,,,,,
no_cap,506.tiff/blob_od,,,,,True,8754.0,(),,,,,,,,,,
no_cap,506.tiff/blob_native@matched,,,,,True,8754.0,(),,,,,,,,,,
no_cap,506.tiff/disc_ccoeff,,,,,True,12013.0,(),,,,,,,,,,
no_cap,506.tiff/disc_ccoeff_od,,,,,True,12013.0,(),,,,,,,,,,
no_cap,506.tiff/disc_ccoeff@matched,,,,,True,8754.0,(),,,,,,,,,,
no_cap,506.tiff/disc_ccoeff_normed,,,,,True,15246.0,(),,,,,,,,,,
no_cap,506.tiff/disc_ccoeff_normed_od,,,,,True,15246.0,(),,,,,,,,,,
no_cap,506.tiff/disc_ccoeff_normed@matched,,,,,True,8754.0,(),,,,,,,,,,
no_cap,506.tiff/pipeline_as_shipped,,,,,True,17364.0,(),,,,,,,,,,
no_cap,506.tiff/tm_ccoeff,,,,,True,13052.0,"(250000, 1000000000)",,,,,,,,,,
no_cap,506.tiff/tm_ccoeff_od,,,,,True,13052.0,"(250000, 1000000000)",,,,,,,,,,
no_cap,506.tiff/tm_ccoeff@matched,,,,,True,8754.0,(),,,,,,,,,,
no_cap,506.tiff/tm_ccoeff_normed,,,,,True,15810.0,"(250000, 1000000000)",,,,,,,,,,
no_cap,506.tiff/tm_ccoeff_normed_od,,,,,True,15810.0,"(250000, 1000000000)",,,,,,,,,,
no_cap,506.tiff/tm_ccoeff_normed@matched,,,,,True,8754.0,(),,,,,,,,,,
no_cap,506.tiff/blob_native,,,,,True,8754.0,(),,,,,,,,,,
no_cap,506.tiff/blob_od,,,,,True,8754.0,(),,,,,,,,,,
no_cap,506.tiff/blob_native@matched,,,,,True,8754.0,(),,,,,,,,,,
no_cap,506.tiff/disc_ccoeff,,,,,True,12013.0,(),,,,,,,,,,
no_cap,506.tiff/disc_ccoeff_od,,,,,True,12013.0,(),,,,,,,,,,
no_cap,506.tiff/disc_ccoeff@matched,,,,,True,8754.0,(),,,,,,,,,,
no_cap,506.tiff/disc_ccoeff_normed,,,,,True,15246.0,(),,,,,,,,,,
no_cap,506.tiff/disc_ccoeff_normed_od,,,,,True,15246.0,(),,,,,,,,,,
no_cap,506.tiff/disc_ccoeff_normed@matched,,,,,True,8754.0,(),,,,,,,,,,
no_cap,506.tiff/pipeline_as_shipped,,,,,True,18059.0,(),,,,,,,,,,
no_cap,506.tiff/tm_ccoeff,,,,,True,14426.0,"(250000, 1000000000)",,,,,,,,,,
no_cap,506.tiff/tm_ccoeff_od,,,,,True,14426.0,"(250000, 1000000000)",,,,,,,,,,
no_cap,506.tiff/tm_ccoeff@matched,,,,,True,8754.0,(),,,,,,,,,,
no_cap,506.tiff/tm_ccoeff_normed,,,,,True,17046.0,"(250000, 1000000000)",,,,,,,,,,
no_cap,506.tiff/tm_ccoeff_normed_od,,,,,True,17046.0,"(250000, 1000000000)",,,,,,,,,,
no_cap,506.tiff/tm_ccoeff_normed@matched,,,,,True,8754.0,(),,,,,,,,,,
no_cap,506.tiff/blob_native,,,,,True,8754.0,(),,,,,,,,,,
no_cap,506.tiff/blob_od,,,,,True,8754.0,(),,,,,,,,,,
no_cap,506.tiff/blob_native@matched,,,,,True,8754.0,(),,,,,,,,,,
no_cap,506.tiff/disc_ccoeff,,,,,True,12013.0,(),,,,,,,,,,
no_cap,506.tiff/disc_ccoeff_od,,,,,True,12013.0,(),,,,,,,,,,
no_cap,506.tiff/disc_ccoeff@matched,,,,,True,8754.0,(),,,,,,,,,,
no_cap,506.tiff/disc_ccoeff_normed,,,,,True,15246.0,(),,,,,,,,,,
no_cap,506.tiff/disc_ccoeff_normed_od,,,,,True,15246.0,(),,,,,,,,,,
no_cap,506.tiff/disc_ccoeff_normed@matched,,,,,True,8754.0,(),,,,,,,,,,
no_cap,506.tiff/pipeline_as_shipped,,,,,True,16730.0,(),,,,,,,,,,
no_cap,506.tiff/tm_ccoeff,,,,,True,12586.0,"(250000, 1000000000)",,,,,,,,,,
no_cap,506.tiff/tm_ccoeff_od,,,,,True,12586.0,"(250000, 1000000000)",,,,,,,,,,
no_cap,506.tiff/tm_ccoeff@matched,,,,,True,8754.0,(),,,,,,,,,,
no_cap,506.tiff/tm_ccoeff_normed,,,,,True,15676.0,"(250000, 1000000000)",,,,,,,,,,
no_cap,506.tiff/tm_ccoeff_normed_od,,,,,True,15676.0,"(250000, 1000000000)",,,,,,,,,,
no_cap,506.tiff/tm_ccoeff_normed@matched,,,,,True,8754.0,(),,,,,,,,,,
no_cap,506.tiff/blob_native,,,,,True,8754.0,(),,,,,,,,,,
no_cap,506.tiff/blob_od,,,,,True,8754.0,(),,,,,,,,,,
no_cap,506.tiff/blob_native@matched,,,,,True,8754.0,(),,,,,,,,,,
no_cap,506.tiff/disc_ccoeff,,,,,True,12013.0,(),,,,,,,,,,
no_cap,506.tiff/disc_ccoeff_od,,,,,True,12013.0,(),,,,,,,,,,
no_cap,506.tiff/disc_ccoeff@matched,,,,,True,8754.0,(),,,,,,,,,,
no_cap,506.tiff/disc_ccoeff_normed,,,,,True,15246.0,(),,,,,,,,,,
no_cap,506.tiff/disc_ccoeff_normed_od,,,,,True,15246.0,(),,,,,,,,,,
no_cap,506.tiff/disc_ccoeff_normed@matched,,,,,True,8754.0,(),,,,,,,,,,
no_cap,506.tiff/pipeline_as_shipped,,,,,True,17475.0,(),,,,,,,,,,
distinct_seeds,506.tiff,,,,,True,,,5.0,5.0,8.0,5.0,,,,,,
no_cap,506.tiff/lookalike_ccoeff,,,,,True,13430.0,"(250000, 1000000000)",,,,,,,,,,
no_cap,506.tiff/lookalike_ccoeff_od,,,,,True,13430.0,"(250000, 1000000000)",,,,,,,,,,
no_cap,506.tiff/lookalike_ccoeff@matched,,,,,True,8754.0,(),,,,,,,,,,
no_cap,506.tiff/lookalike_ccoeff_normed,,,,,True,16209.0,"(250000, 1000000000)",,,,,,,,,,
no_cap,506.tiff/lookalike_ccoeff_normed_od,,,,,True,16209.0,"(250000, 1000000000)",,,,,,,,,,
no_cap,506.tiff/lookalike_ccoeff_normed@matched,,,,,True,8754.0,(),,,,,,,,,,
tissue_mask_covers_gt,548.tiff,357.0,0.0,0.0,,True,,,,,,,,,,,,
no_cap,548.tiff/tm_ccoeff,,,,,True,14492.0,"(250000, 1000000000)",,,,,,,,,,
no_cap,548.tiff/tm_ccoeff_od,,,,,True,14492.0,"(250000, 1000000000)",,,,,,,,,,
no_cap,548.tiff/tm_ccoeff@matched,,,,,True,12294.0,(),,,,,,,,,,
no_cap,548.tiff/tm_ccoeff_normed,,,,,True,15282.0,"(250000, 1000000000)",,,,,,,,,,
no_cap,548.tiff/tm_ccoeff_normed_od,,,,,True,15282.0,"(250000, 1000000000)",,,,,,,,,,
no_cap,548.tiff/tm_ccoeff_normed@matched,,,,,True,12294.0,(),,,,,,,,,,
no_cap,548.tiff/blob_native,,,,,True,12294.0,(),,,,,,,,,,
no_cap,548.tiff/blob_od,,,,,True,12294.0,(),,,,,,,,,,
no_cap,548.tiff/blob_native@matched,,,,,True,12294.0,(),,,,,,,,,,
no_cap,548.tiff/disc_ccoeff,,,,,True,12825.0,(),,,,,,,,,,
no_cap,548.tiff/disc_ccoeff_od,,,,,True,12825.0,(),,,,,,,,,,
no_cap,548.tiff/disc_ccoeff@matched,,,,,True,12294.0,(),,,,,,,,,,
no_cap,548.tiff/disc_ccoeff_normed,,,,,True,13596.0,(),,,,,,,,,,
no_cap,548.tiff/disc_ccoeff_normed_od,,,,,True,13596.0,(),,,,,,,,,,
no_cap,548.tiff/disc_ccoeff_normed@matched,,,,,True,12294.0,(),,,,,,,,,,
no_cap,548.tiff/pipeline_as_shipped,,,,,True,17019.0,(),,,,,,,,,,
no_cap,548.tiff/tm_ccoeff,,,,,True,14304.0,"(250000, 1000000000)",,,,,,,,,,
no_cap,548.tiff/tm_ccoeff_od,,,,,True,14304.0,"(250000, 1000000000)",,,,,,,,,,
no_cap,548.tiff/tm_ccoeff@matched,,,,,True,12294.0,(),,,,,,,,,,
no_cap,548.tiff/tm_ccoeff_normed,,,,,True,15020.0,"(250000, 1000000000)",,,,,,,,,,
no_cap,548.tiff/tm_ccoeff_normed_od,,,,,True,15020.0,"(250000, 1000000000)",,,,,,,,,,
no_cap,548.tiff/tm_ccoeff_normed@matched,,,,,True,12294.0,(),,,,,,,,,,
no_cap,548.tiff/blob_native,,,,,True,12294.0,(),,,,,,,,,,
no_cap,548.tiff/blob_od,,,,,True,12294.0,(),,,,,,,,,,
no_cap,548.tiff/blob_native@matched,,,,,True,12294.0,(),,,,,,,,,,
no_cap,548.tiff/disc_ccoeff,,,,,True,12825.0,(),,,,,,,,,,
no_cap,548.tiff/disc_ccoeff_od,,,,,True,12825.0,(),,,,,,,,,,
no_cap,548.tiff/disc_ccoeff@matched,,,,,True,12294.0,(),,,,,,,,,,
no_cap,548.tiff/disc_ccoeff_normed,,,,,True,13596.0,(),,,,,,,,,,
no_cap,548.tiff/disc_ccoeff_normed_od,,,,,True,13596.0,(),,,,,,,,,,
no_cap,548.tiff/disc_ccoeff_normed@matched,,,,,True,12294.0,(),,,,,,,,,,
no_cap,548.tiff/pipeline_as_shipped,,,,,True,16676.0,(),,,,,,,,,,
no_cap,548.tiff/tm_ccoeff,,,,,True,14990.0,"(250000, 1000000000)",,,,,,,,,,
no_cap,548.tiff/tm_ccoeff_od,,,,,True,14990.0,"(250000, 1000000000)",,,,,,,,,,
no_cap,548.tiff/tm_ccoeff@matched,,,,,True,12294.0,(),,,,,,,,,,
no_cap,548.tiff/tm_ccoeff_normed,,,,,True,15607.0,"(250000, 1000000000)",,,,,,,,,,
no_cap,548.tiff/tm_ccoeff_normed_od,,,,,True,15607.0,"(250000, 1000000000)",,,,,,,,,,
no_cap,548.tiff/tm_ccoeff_normed@matched,,,,,True,12294.0,(),,,,,,,,,,
no_cap,548.tiff/blob_native,,,,,True,12294.0,(),,,,,,,,,,
no_cap,548.tiff/blob_od,,,,,True,12294.0,(),,,,,,,,,,
no_cap,548.tiff/blob_native@matched,,,,,True,12294.0,(),,,,,,,,,,
no_cap,548.tiff/disc_ccoeff,,,,,True,12825.0,(),,,,,,,,,,
no_cap,548.tiff/disc_ccoeff_od,,,,,True,12825.0,(),,,,,,,,,,
no_cap,548.tiff/disc_ccoeff@matched,,,,,True,12294.0,(),,,,,,,,,,
no_cap,548.tiff/disc_ccoeff_normed,,,,,True,13596.0,(),,,,,,,,,,
no_cap,548.tiff/disc_ccoeff_normed_od,,,,,True,13596.0,(),,,,,,,,,,
no_cap,548.tiff/disc_ccoeff_normed@matched,,,,,True,12294.0,(),,,,,,,,,,
no_cap,548.tiff/pipeline_as_shipped,,,,,True,17107.0,(),,,,,,,,,,
no_cap,548.tiff/tm_ccoeff,,,,,True,14578.0,"(250000, 1000000000)",,,,,,,,,,
no_cap,548.tiff/tm_ccoeff_od,,,,,True,14578.0,"(250000, 1000000000)",,,,,,,,,,
no_cap,548.tiff/tm_ccoeff@matched,,,,,True,12294.0,(),,,,,,,,,,
no_cap,548.tiff/tm_ccoeff_normed,,,,,True,15314.0,"(250000, 1000000000)",,,,,,,,,,
no_cap,548.tiff/tm_ccoeff_normed_od,,,,,True,15314.0,"(250000, 1000000000)",,,,,,,,,,
no_cap,548.tiff/tm_ccoeff_normed@matched,,,,,True,12294.0,(),,,,,,,,,,
no_cap,548.tiff/blob_native,,,,,True,12294.0,(),,,,,,,,,,
no_cap,548.tiff/blob_od,,,,,True,12294.0,(),,,,,,,,,,
no_cap,548.tiff/blob_native@matched,,,,,True,12294.0,(),,,,,,,,,,
no_cap,548.tiff/disc_ccoeff,,,,,True,12825.0,(),,,,,,,,,,
no_cap,548.tiff/disc_ccoeff_od,,,,,True,12825.0,(),,,,,,,,,,
no_cap,548.tiff/disc_ccoeff@matched,,,,,True,12294.0,(),,,,,,,,,,
no_cap,548.tiff/disc_ccoeff_normed,,,,,True,13596.0,(),,,,,,,,,,
no_cap,548.tiff/disc_ccoeff_normed_od,,,,,True,13596.0,(),,,,,,,,,,
no_cap,548.tiff/disc_ccoeff_normed@matched,,,,,True,12294.0,(),,,,,,,,,,
no_cap,548.tiff/pipeline_as_shipped,,,,,True,16659.0,(),,,,,,,,,,
no_cap,548.tiff/tm_ccoeff,,,,,True,14393.0,"(250000, 1000000000)",,,,,,,,,,
no_cap,548.tiff/tm_ccoeff_od,,,,,True,14393.0,"(250000, 1000000000)",,,,,,,,,,
no_cap,548.tiff/tm_ccoeff@matched,,,,,True,12294.0,(),,,,,,,,,,
no_cap,548.tiff/tm_ccoeff_normed,,,,,True,15097.0,"(250000, 1000000000)",,,,,,,,,,
no_cap,548.tiff/tm_ccoeff_normed_od,,,,,True,15097.0,"(250000, 1000000000)",,,,,,,,,,
no_cap,548.tiff/tm_ccoeff_normed@matched,,,,,True,12294.0,(),,,,,,,,,,
no_cap,548.tiff/blob_native,,,,,True,12294.0,(),,,,,,,,,,
no_cap,548.tiff/blob_od,,,,,True,12294.0,(),,,,,,,,,,
no_cap,548.tiff/blob_native@matched,,,,,True,12294.0,(),,,,,,,,,,
no_cap,548.tiff/disc_ccoeff,,,,,True,12825.0,(),,,,,,,,,,
no_cap,548.tiff/disc_ccoeff_od,,,,,True,12825.0,(),,,,,,,,,,
no_cap,548.tiff/disc_ccoeff@matched,,,,,True,12294.0,(),,,,,,,,,,
no_cap,548.tiff/disc_ccoeff_normed,,,,,True,13596.0,(),,,,,,,,,,
no_cap,548.tiff/disc_ccoeff_normed_od,,,,,True,13596.0,(),,,,,,,,,,
no_cap,548.tiff/disc_ccoeff_normed@matched,,,,,True,12294.0,(),,,,,,,,,,
no_cap,548.tiff/pipeline_as_shipped,,,,,True,15764.0,(),,,,,,,,,,
distinct_seeds,548.tiff,,,,,True,,,5.0,5.0,184.0,5.0,,,,,,
no_cap,548.tiff/lookalike_ccoeff,,,,,True,15052.0,"(250000, 1000000000)",,,,,,,,,,
no_cap,548.tiff/lookalike_ccoeff_od,,,,,True,15052.0,"(250000, 1000000000)",,,,,,,,,,
no_cap,548.tiff/lookalike_ccoeff@matched,,,,,True,12294.0,(),,,,,,,,,,
no_cap,548.tiff/lookalike_ccoeff_normed,,,,,True,15764.0,"(250000, 1000000000)",,,,,,,,,,
no_cap,548.tiff/lookalike_ccoeff_normed_od,,,,,True,15764.0,"(250000, 1000000000)",,,,,,,,,,
no_cap,548.tiff/lookalike_ccoeff_normed@matched,,,,,True,12294.0,(),,,,,,,,,,
tissue_mask_covers_gt,350.tiff,20.0,0.0,0.0,,True,,,,,,,,,,,,
no_cap,350.tiff/tm_ccoeff,,,,,True,12467.0,"(250000, 1000000000)",,,,,,,,,,
no_cap,350.tiff/tm_ccoeff_od,,,,,True,12467.0,"(250000, 1000000000)",,,,,,,,,,
no_cap,350.tiff/tm_ccoeff@matched,,,,,True,8173.0,(),,,,,,,,,,
no_cap,350.tiff/tm_ccoeff_normed,,,,,True,14169.0,"(250000, 1000000000)",,,,,,,,,,
no_cap,350.tiff/tm_ccoeff_normed_od,,,,,True,14169.0,"(250000, 1000000000)",,,,,,,,,,
no_cap,350.tiff/tm_ccoeff_normed@matched,,,,,True,8173.0,(),,,,,,,,,,
no_cap,350.tiff/blob_native,,,,,True,8173.0,(),,,,,,,,,,
no_cap,350.tiff/blob_od,,,,,True,8173.0,(),,,,,,,,,,
no_cap,350.tiff/blob_native@matched,,,,,True,8173.0,(),,,,,,,,,,
no_cap,350.tiff/disc_ccoeff,,,,,True,10999.0,(),,,,,,,,,,
no_cap,350.tiff/disc_ccoeff_od,,,,,True,10999.0,(),,,,,,,,,,
no_cap,350.tiff/disc_ccoeff@matched,,,,,True,8173.0,(),,,,,,,,,,
no_cap,350.tiff/disc_ccoeff_normed,,,,,True,12838.0,(),,,,,,,,,,
no_cap,350.tiff/disc_ccoeff_normed_od,,,,,True,12838.0,(),,,,,,,,,,
no_cap,350.tiff/disc_ccoeff_normed@matched,,,,,True,8173.0,(),,,,,,,,,,
no_cap,350.tiff/pipeline_as_shipped,,,,,True,16469.0,(),,,,,,,,,,
no_cap,350.tiff/tm_ccoeff,,,,,True,12971.0,"(250000, 1000000000)",,,,,,,,,,
no_cap,350.tiff/tm_ccoeff_od,,,,,True,12971.0,"(250000, 1000000000)",,,,,,,,,,
no_cap,350.tiff/tm_ccoeff@matched,,,,,True,8173.0,(),,,,,,,,,,
no_cap,350.tiff/tm_ccoeff_normed,,,,,True,14843.0,"(250000, 1000000000)",,,,,,,,,,
no_cap,350.tiff/tm_ccoeff_normed_od,,,,,True,14843.0,"(250000, 1000000000)",,,,,,,,,,
no_cap,350.tiff/tm_ccoeff_normed@matched,,,,,True,8173.0,(),,,,,,,,,,
no_cap,350.tiff/blob_native,,,,,True,8173.0,(),,,,,,,,,,
no_cap,350.tiff/blob_od,,,,,True,8173.0,(),,,,,,,,,,
no_cap,350.tiff/blob_native@matched,,,,,True,8173.0,(),,,,,,,,,,
no_cap,350.tiff/disc_ccoeff,,,,,True,10999.0,(),,,,,,,,,,
no_cap,350.tiff/disc_ccoeff_od,,,,,True,10999.0,(),,,,,,,,,,
no_cap,350.tiff/disc_ccoeff@matched,,,,,True,8173.0,(),,,,,,,,,,
no_cap,350.tiff/disc_ccoeff_normed,,,,,True,12838.0,(),,,,,,,,,,
no_cap,350.tiff/disc_ccoeff_normed_od,,,,,True,12838.0,(),,,,,,,,,,
no_cap,350.tiff/disc_ccoeff_normed@matched,,,,,True,8173.0,(),,,,,,,,,,
no_cap,350.tiff/pipeline_as_shipped,,,,,True,15250.0,(),,,,,,,,,,
no_cap,350.tiff/tm_ccoeff,,,,,True,12382.0,"(250000, 1000000000)",,,,,,,,,,
no_cap,350.tiff/tm_ccoeff_od,,,,,True,12382.0,"(250000, 1000000000)",,,,,,,,,,
no_cap,350.tiff/tm_ccoeff@matched,,,,,True,8173.0,(),,,,,,,,,,
no_cap,350.tiff/tm_ccoeff_normed,,,,,True,14291.0,"(250000, 1000000000)",,,,,,,,,,
no_cap,350.tiff/tm_ccoeff_normed_od,,,,,True,14291.0,"(250000, 1000000000)",,,,,,,,,,
no_cap,350.tiff/tm_ccoeff_normed@matched,,,,,True,8173.0,(),,,,,,,,,,
no_cap,350.tiff/blob_native,,,,,True,8173.0,(),,,,,,,,,,
no_cap,350.tiff/blob_od,,,,,True,8173.0,(),,,,,,,,,,
no_cap,350.tiff/blob_native@matched,,,,,True,8173.0,(),,,,,,,,,,
no_cap,350.tiff/disc_ccoeff,,,,,True,10999.0,(),,,,,,,,,,
no_cap,350.tiff/disc_ccoeff_od,,,,,True,10999.0,(),,,,,,,,,,
no_cap,350.tiff/disc_ccoeff@matched,,,,,True,8173.0,(),,,,,,,,,,
no_cap,350.tiff/disc_ccoeff_normed,,,,,True,12838.0,(),,,,,,,,,,
no_cap,350.tiff/disc_ccoeff_normed_od,,,,,True,12838.0,(),,,,,,,,,,
no_cap,350.tiff/disc_ccoeff_normed@matched,,,,,True,8173.0,(),,,,,,,,,,
no_cap,350.tiff/pipeline_as_shipped,,,,,True,14247.0,(),,,,,,,,,,
no_cap,350.tiff/tm_ccoeff,,,,,True,12848.0,"(250000, 1000000000)",,,,,,,,,,
no_cap,350.tiff/tm_ccoeff_od,,,,,True,12848.0,"(250000, 1000000000)",,,,,,,,,,
no_cap,350.tiff/tm_ccoeff@matched,,,,,True,8173.0,(),,,,,,,,,,
no_cap,350.tiff/tm_ccoeff_normed,,,,,True,14429.0,"(250000, 1000000000)",,,,,,,,,,
no_cap,350.tiff/tm_ccoeff_normed_od,,,,,True,14429.0,"(250000, 1000000000)",,,,,,,,,,
no_cap,350.tiff/tm_ccoeff_normed@matched,,,,,True,8173.0,(),,,,,,,,,,
no_cap,350.tiff/blob_native,,,,,True,8173.0,(),,,,,,,,,,
no_cap,350.tiff/blob_od,,,,,True,8173.0,(),,,,,,,,,,
no_cap,350.tiff/blob_native@matched,,,,,True,8173.0,(),,,,,,,,,,
no_cap,350.tiff/disc_ccoeff,,,,,True,10999.0,(),,,,,,,,,,
no_cap,350.tiff/disc_ccoeff_od,,,,,True,10999.0,(),,,,,,,,,,
no_cap,350.tiff/disc_ccoeff@matched,,,,,True,8173.0,(),,,,,,,,,,
no_cap,350.tiff/disc_ccoeff_normed,,,,,True,12838.0,(),,,,,,,,,,
no_cap,350.tiff/disc_ccoeff_normed_od,,,,,True,12838.0,(),,,,,,,,,,
no_cap,350.tiff/disc_ccoeff_normed@matched,,,,,True,8173.0,(),,,,,,,,,,
no_cap,350.tiff/pipeline_as_shipped,,,,,True,16348.0,(),,,,,,,,,,
distinct_seeds,350.tiff,,,,,True,,,4.0,4.0,4.0,4.0,,,,,,
no_cap,350.tiff/lookalike_ccoeff,,,,,True,14101.0,"(250000, 1000000000)",,,,,,,,,,
no_cap,350.tiff/lookalike_ccoeff_od,,,,,True,14101.0,"(250000, 1000000000)",,,,,,,,,,
no_cap,350.tiff/lookalike_ccoeff@matched,,,,,True,8173.0,(),,,,,,,,,,
no_cap,350.tiff/lookalike_ccoeff_normed,,,,,True,15755.0,"(250000, 1000000000)",,,,,,,,,,
no_cap,350.tiff/lookalike_ccoeff_normed_od,,,,,True,15755.0,"(250000, 1000000000)",,,,,,,,,,
no_cap,350.tiff/lookalike_ccoeff_normed@matched,,,,,True,8173.0,(),,,,,,,,,,
tissue_mask_covers_gt,351.tiff,61.0,0.0,0.0,,True,,,,,,,,,,,,
no_cap,351.tiff/tm_ccoeff,,,,,True,14902.0,"(250000, 1000000000)",,,,,,,,,,
no_cap,351.tiff/tm_ccoeff_od,,,,,True,14902.0,"(250000, 1000000000)",,,,,,,,,,
no_cap,351.tiff/tm_ccoeff@matched,,,,,True,13774.0,(),,,,,,,,,,
no_cap,351.tiff/tm_ccoeff_normed,,,,,True,17498.0,"(250000, 1000000000)",,,,,,,,,,
no_cap,351.tiff/tm_ccoeff_normed_od,,,,,True,17498.0,"(250000, 1000000000)",,,,,,,,,,
no_cap,351.tiff/tm_ccoeff_normed@matched,,,,,True,13774.0,(),,,,,,,,,,
no_cap,351.tiff/blob_native,,,,,True,13774.0,(),,,,,,,,,,
no_cap,351.tiff/blob_od,,,,,True,13774.0,(),,,,,,,,,,
no_cap,351.tiff/blob_native@matched,,,,,True,13774.0,(),,,,,,,,,,
no_cap,351.tiff/disc_ccoeff,,,,,True,12027.0,(),,,,,,,,,,
no_cap,351.tiff/disc_ccoeff_od,,,,,True,12027.0,(),,,,,,,,,,
no_cap,351.tiff/disc_ccoeff@matched,,,,,True,12027.0,(),,,,,,,,,,
no_cap,351.tiff/disc_ccoeff_normed,,,,,True,15337.0,(),,,,,,,,,,
no_cap,351.tiff/disc_ccoeff_normed_od,,,,,True,15337.0,(),,,,,,,,,,
no_cap,351.tiff/disc_ccoeff_normed@matched,,,,,True,13774.0,(),,,,,,,,,,
no_cap,351.tiff/pipeline_as_shipped,,,,,True,17370.0,(),,,,,,,,,,
no_cap,351.tiff/tm_ccoeff,,,,,True,14690.0,"(250000, 1000000000)",,,,,,,,,,
no_cap,351.tiff/tm_ccoeff_od,,,,,True,14690.0,"(250000, 1000000000)",,,,,,,,,,
no_cap,351.tiff/tm_ccoeff@matched,,,,,True,13774.0,(),,,,,,,,,,
no_cap,351.tiff/tm_ccoeff_normed,,,,,True,17394.0,"(250000, 1000000000)",,,,,,,,,,
no_cap,351.tiff/tm_ccoeff_normed_od,,,,,True,17394.0,"(250000, 1000000000)",,,,,,,,,,
no_cap,351.tiff/tm_ccoeff_normed@matched,,,,,True,13774.0,(),,,,,,,,,,
no_cap,351.tiff/blob_native,,,,,True,13774.0,(),,,,,,,,,,
no_cap,351.tiff/blob_od,,,,,True,13774.0,(),,,,,,,,,,
no_cap,351.tiff/blob_native@matched,,,,,True,13774.0,(),,,,,,,,,,
no_cap,351.tiff/disc_ccoeff,,,,,True,12027.0,(),,,,,,,,,,
no_cap,351.tiff/disc_ccoeff_od,,,,,True,12027.0,(),,,,,,,,,,
no_cap,351.tiff/disc_ccoeff@matched,,,,,True,12027.0,(),,,,,,,,,,
no_cap,351.tiff/disc_ccoeff_normed,,,,,True,15337.0,(),,,,,,,,,,
no_cap,351.tiff/disc_ccoeff_normed_od,,,,,True,15337.0,(),,,,,,,,,,
no_cap,351.tiff/disc_ccoeff_normed@matched,,,,,True,13774.0,(),,,,,,,,,,
no_cap,351.tiff/pipeline_as_shipped,,,,,True,17721.0,(),,,,,,,,,,
no_cap,351.tiff/tm_ccoeff,,,,,True,13487.0,"(250000, 1000000000)",,,,,,,,,,
no_cap,351.tiff/tm_ccoeff_od,,,,,True,13487.0,"(250000, 1000000000)",,,,,,,,,,
no_cap,351.tiff/tm_ccoeff@matched,,,,,True,13487.0,(),,,,,,,,,,
no_cap,351.tiff/tm_ccoeff_normed,,,,,True,16099.0,"(250000, 1000000000)",,,,,,,,,,
no_cap,351.tiff/tm_ccoeff_normed_od,,,,,True,16099.0,"(250000, 1000000000)",,,,,,,,,,
no_cap,351.tiff/tm_ccoeff_normed@matched,,,,,True,13487.0,(),,,,,,,,,,
no_cap,351.tiff/blob_native,,,,,True,13774.0,(),,,,,,,,,,
no_cap,351.tiff/blob_od,,,,,True,13774.0,(),,,,,,,,,,
no_cap,351.tiff/blob_native@matched,,,,,True,13487.0,(),,,,,,,,,,
no_cap,351.tiff/disc_ccoeff,,,,,True,12027.0,(),,,,,,,,,,
no_cap,351.tiff/disc_ccoeff_od,,,,,True,12027.0,(),,,,,,,,,,
no_cap,351.tiff/disc_ccoeff@matched,,,,,True,12027.0,(),,,,,,,,,,
no_cap,351.tiff/disc_ccoeff_normed,,,,,True,15337.0,(),,,,,,,,,,
no_cap,351.tiff/disc_ccoeff_normed_od,,,,,True,15337.0,(),,,,,,,,,,
no_cap,351.tiff/disc_ccoeff_normed@matched,,,,,True,13487.0,(),,,,,,,,,,
no_cap,351.tiff/pipeline_as_shipped,,,,,True,16899.0,(),,,,,,,,,,
no_cap,351.tiff/tm_ccoeff,,,,,True,14892.0,"(250000, 1000000000)",,,,,,,,,,
no_cap,351.tiff/tm_ccoeff_od,,,,,True,14892.0,"(250000, 1000000000)",,,,,,,,,,
no_cap,351.tiff/tm_ccoeff@matched,,,,,True,13774.0,(),,,,,,,,,,
no_cap,351.tiff/tm_ccoeff_normed,,,,,True,17332.0,"(250000, 1000000000)",,,,,,,,,,
no_cap,351.tiff/tm_ccoeff_normed_od,,,,,True,17332.0,"(250000, 1000000000)",,,,,,,,,,
no_cap,351.tiff/tm_ccoeff_normed@matched,,,,,True,13774.0,(),,,,,,,,,,
no_cap,351.tiff/blob_native,,,,,True,13774.0,(),,,,,,,,,,
no_cap,351.tiff/blob_od,,,,,True,13774.0,(),,,,,,,,,,
no_cap,351.tiff/blob_native@matched,,,,,True,13774.0,(),,,,,,,,,,
no_cap,351.tiff/disc_ccoeff,,,,,True,12027.0,(),,,,,,,,,,
no_cap,351.tiff/disc_ccoeff_od,,,,,True,12027.0,(),,,,,,,,,,
no_cap,351.tiff/disc_ccoeff@matched,,,,,True,12027.0,(),,,,,,,,,,
no_cap,351.tiff/disc_ccoeff_normed,,,,,True,15337.0,(),,,,,,,,,,
no_cap,351.tiff/disc_ccoeff_normed_od,,,,,True,15337.0,(),,,,,,,,,,
no_cap,351.tiff/disc_ccoeff_normed@matched,,,,,True,13774.0,(),,,,,,,,,,
no_cap,351.tiff/pipeline_as_shipped,,,,,True,17231.0,(),,,,,,,,,,
distinct_seeds,351.tiff,,,,,True,,,4.0,4.0,4.0,4.0,,,,,,
no_cap,351.tiff/lookalike_ccoeff,,,,,True,14035.0,"(250000, 1000000000)",,,,,,,,,,
no_cap,351.tiff/lookalike_ccoeff_od,,,,,True,14035.0,"(250000, 1000000000)",,,,,,,,,,
no_cap,351.tiff/lookalike_ccoeff@matched,,,,,True,13774.0,(),,,,,,,,,,
no_cap,351.tiff/lookalike_ccoeff_normed,,,,,True,16768.0,"(250000, 1000000000)",,,,,,,,,,
no_cap,351.tiff/lookalike_ccoeff_normed_od,,,,,True,16768.0,"(250000, 1000000000)",,,,,,,,,,
no_cap,351.tiff/lookalike_ccoeff_normed@matched,,,,,True,13774.0,(),,,,,,,,,,
tissue_mask_covers_gt,402.tiff,184.0,0.0,0.0,,True,,,,,,,,,,,,
no_cap,402.tiff/tm_ccoeff,,,,,True,15625.0,"(250000, 1000000000)",,,,,,,,,,
no_cap,402.tiff/tm_ccoeff_od,,,,,True,15625.0,"(250000, 1000000000)",,,,,,,,,,
no_cap,402.tiff/tm_ccoeff@matched,,,,,True,12665.0,(),,,,,,,,,,
no_cap,402.tiff/tm_ccoeff_normed,,,,,True,16076.0,"(250000, 1000000000)",,,,,,,,,,
no_cap,402.tiff/tm_ccoeff_normed_od,,,,,True,16076.0,"(250000, 1000000000)",,,,,,,,,,
no_cap,402.tiff/tm_ccoeff_normed@matched,,,,,True,12665.0,(),,,,,,,,,,
no_cap,402.tiff/blob_native,,,,,True,12665.0,(),,,,,,,,,,
no_cap,402.tiff/blob_od,,,,,True,12665.0,(),,,,,,,,,,
no_cap,402.tiff/blob_native@matched,,,,,True,12665.0,(),,,,,,,,,,
no_cap,402.tiff/disc_ccoeff,,,,,True,13934.0,(),,,,,,,,,,
no_cap,402.tiff/disc_ccoeff_od,,,,,True,13934.0,(),,,,,,,,,,
no_cap,402.tiff/disc_ccoeff@matched,,,,,True,12665.0,(),,,,,,,,,,
no_cap,402.tiff/disc_ccoeff_normed,,,,,True,14213.0,(),,,,,,,,,,
no_cap,402.tiff/disc_ccoeff_normed_od,,,,,True,14213.0,(),,,,,,,,,,
no_cap,402.tiff/disc_ccoeff_normed@matched,,,,,True,12665.0,(),,,,,,,,,,
no_cap,402.tiff/pipeline_as_shipped,,,,,True,17225.0,(),,,,,,,,,,
no_cap,402.tiff/tm_ccoeff,,,,,True,14800.0,"(250000, 1000000000)",,,,,,,,,,
no_cap,402.tiff/tm_ccoeff_od,,,,,True,14800.0,"(250000, 1000000000)",,,,,,,,,,
no_cap,402.tiff/tm_ccoeff@matched,,,,,True,12665.0,(),,,,,,,,,,
no_cap,402.tiff/tm_ccoeff_normed,,,,,True,15235.0,"(250000, 1000000000)",,,,,,,,,,
no_cap,402.tiff/tm_ccoeff_normed_od,,,,,True,15235.0,"(250000, 1000000000)",,,,,,,,,,
no_cap,402.tiff/tm_ccoeff_normed@matched,,,,,True,12665.0,(),,,,,,,,,,
no_cap,402.tiff/blob_native,,,,,True,12665.0,(),,,,,,,,,,
no_cap,402.tiff/blob_od,,,,,True,12665.0,(),,,,,,,,,,
no_cap,402.tiff/blob_native@matched,,,,,True,12665.0,(),,,,,,,,,,
no_cap,402.tiff/disc_ccoeff,,,,,True,13934.0,(),,,,,,,,,,
no_cap,402.tiff/disc_ccoeff_od,,,,,True,13934.0,(),,,,,,,,,,
no_cap,402.tiff/disc_ccoeff@matched,,,,,True,12665.0,(),,,,,,,,,,
no_cap,402.tiff/disc_ccoeff_normed,,,,,True,14213.0,(),,,,,,,,,,
no_cap,402.tiff/disc_ccoeff_normed_od,,,,,True,14213.0,(),,,,,,,,,,
no_cap,402.tiff/disc_ccoeff_normed@matched,,,,,True,12665.0,(),,,,,,,,,,
no_cap,402.tiff/pipeline_as_shipped,,,,,True,14585.0,(),,,,,,,,,,
no_cap,402.tiff/tm_ccoeff,,,,,True,14960.0,"(250000, 1000000000)",,,,,,,,,,
no_cap,402.tiff/tm_ccoeff_od,,,,,True,14960.0,"(250000, 1000000000)",,,,,,,,,,
no_cap,402.tiff/tm_ccoeff@matched,,,,,True,12665.0,(),,,,,,,,,,
no_cap,402.tiff/tm_ccoeff_normed,,,,,True,15313.0,"(250000, 1000000000)",,,,,,,,,,
no_cap,402.tiff/tm_ccoeff_normed_od,,,,,True,15313.0,"(250000, 1000000000)",,,,,,,,,,
no_cap,402.tiff/tm_ccoeff_normed@matched,,,,,True,12665.0,(),,,,,,,,,,
no_cap,402.tiff/blob_native,,,,,True,12665.0,(),,,,,,,,,,
no_cap,402.tiff/blob_od,,,,,True,12665.0,(),,,,,,,,,,
no_cap,402.tiff/blob_native@matched,,,,,True,12665.0,(),,,,,,,,,,
no_cap,402.tiff/disc_ccoeff,,,,,True,13934.0,(),,,,,,,,,,
no_cap,402.tiff/disc_ccoeff_od,,,,,True,13934.0,(),,,,,,,,,,
no_cap,402.tiff/disc_ccoeff@matched,,,,,True,12665.0,(),,,,,,,,,,
no_cap,402.tiff/disc_ccoeff_normed,,,,,True,14213.0,(),,,,,,,,,,
no_cap,402.tiff/disc_ccoeff_normed_od,,,,,True,14213.0,(),,,,,,,,,,
no_cap,402.tiff/disc_ccoeff_normed@matched,,,,,True,12665.0,(),,,,,,,,,,
no_cap,402.tiff/pipeline_as_shipped,,,,,True,15938.0,(),,,,,,,,,,
no_cap,402.tiff/tm_ccoeff,,,,,True,16484.0,"(250000, 1000000000)",,,,,,,,,,
no_cap,402.tiff/tm_ccoeff_od,,,,,True,16484.0,"(250000, 1000000000)",,,,,,,,,,
no_cap,402.tiff/tm_ccoeff@matched,,,,,True,12665.0,(),,,,,,,,,,
no_cap,402.tiff/tm_ccoeff_normed,,,,,True,16544.0,"(250000, 1000000000)",,,,,,,,,,
no_cap,402.tiff/tm_ccoeff_normed_od,,,,,True,16544.0,"(250000, 1000000000)",,,,,,,,,,
no_cap,402.tiff/tm_ccoeff_normed@matched,,,,,True,12665.0,(),,,,,,,,,,
no_cap,402.tiff/blob_native,,,,,True,12665.0,(),,,,,,,,,,
no_cap,402.tiff/blob_od,,,,,True,12665.0,(),,,,,,,,,,
no_cap,402.tiff/blob_native@matched,,,,,True,12665.0,(),,,,,,,,,,
no_cap,402.tiff/disc_ccoeff,,,,,True,13934.0,(),,,,,,,,,,
no_cap,402.tiff/disc_ccoeff_od,,,,,True,13934.0,(),,,,,,,,,,
no_cap,402.tiff/disc_ccoeff@matched,,,,,True,12665.0,(),,,,,,,,,,
no_cap,402.tiff/disc_ccoeff_normed,,,,,True,14213.0,(),,,,,,,,,,
no_cap,402.tiff/disc_ccoeff_normed_od,,,,,True,14213.0,(),,,,,,,,,,
no_cap,402.tiff/disc_ccoeff_normed@matched,,,,,True,12665.0,(),,,,,,,,,,
no_cap,402.tiff/pipeline_as_shipped,,,,,True,16008.0,(),,,,,,,,,,
no_cap,402.tiff/tm_ccoeff,,,,,True,16312.0,"(250000, 1000000000)",,,,,,,,,,
no_cap,402.tiff/tm_ccoeff_od,,,,,True,16312.0,"(250000, 1000000000)",,,,,,,,,,
no_cap,402.tiff/tm_ccoeff@matched,,,,,True,12665.0,(),,,,,,,,,,
no_cap,402.tiff/tm_ccoeff_normed,,,,,True,16612.0,"(250000, 1000000000)",,,,,,,,,,
no_cap,402.tiff/tm_ccoeff_normed_od,,,,,True,16612.0,"(250000, 1000000000)",,,,,,,,,,
no_cap,402.tiff/tm_ccoeff_normed@matched,,,,,True,12665.0,(),,,,,,,,,,
no_cap,402.tiff/blob_native,,,,,True,12665.0,(),,,,,,,,,,
no_cap,402.tiff/blob_od,,,,,True,12665.0,(),,,,,,,,,,
no_cap,402.tiff/blob_native@matched,,,,,True,12665.0,(),,,,,,,,,,
no_cap,402.tiff/disc_ccoeff,,,,,True,13934.0,(),,,,,,,,,,
no_cap,402.tiff/disc_ccoeff_od,,,,,True,13934.0,(),,,,,,,,,,
no_cap,402.tiff/disc_ccoeff@matched,,,,,True,12665.0,(),,,,,,,,,,
no_cap,402.tiff/disc_ccoeff_normed,,,,,True,14213.0,(),,,,,,,,,,
no_cap,402.tiff/disc_ccoeff_normed_od,,,,,True,14213.0,(),,,,,,,,,,
no_cap,402.tiff/disc_ccoeff_normed@matched,,,,,True,12665.0,(),,,,,,,,,,
no_cap,402.tiff/pipeline_as_shipped,,,,,True,17061.0,(),,,,,,,,,,
distinct_seeds,402.tiff,,,,,True,,,5.0,5.0,65.0,5.0,,,,,,
no_cap,402.tiff/lookalike_ccoeff,,,,,True,15556.0,"(250000, 1000000000)",,,,,,,,,,
no_cap,402.tiff/lookalike_ccoeff_od,,,,,True,15556.0,"(250000, 1000000000)",,,,,,,,,,
no_cap,402.tiff/lookalike_ccoeff@matched,,,,,True,12665.0,(),,,,,,,,,,
no_cap,402.tiff/lookalike_ccoeff_normed,,,,,True,15857.0,"(250000, 1000000000)",,,,,,,,,,
no_cap,402.tiff/lookalike_ccoeff_normed_od,,,,,True,15857.0,"(250000, 1000000000)",,,,,,,,,,
no_cap,402.tiff/lookalike_ccoeff_normed@matched,,,,,True,12665.0,(),,,,,,,,,,
one_match_many_z,,,,,,True,,,,,,,11494.0,11494.0,300.tiff,0.0,ccoeff,2.0
one_match_many_z,,,,,,True,,,,,,,12494.0,12494.0,300.tiff,0.0,ccoeff_normed,2.0
one_match_many_z,,,,,,True,,,,,,,10872.0,10872.0,301.tiff,0.0,ccoeff,2.0
one_match_many_z,,,,,,True,,,,,,,11572.0,11572.0,301.tiff,0.0,ccoeff_normed,2.0
one_match_many_z,,,,,,True,,,,,,,7819.0,7819.0,201.tiff,0.0,ccoeff,2.0
one_match_many_z,,,,,,True,,,,,,,7885.0,7885.0,201.tiff,0.0,ccoeff_normed,2.0
one_match_many_z,,,,,,True,,,,,,,11614.0,11614.0,202.tiff,0.0,ccoeff,2.0
one_match_many_z,,,,,,True,,,,,,,12150.0,12150.0,202.tiff,0.0,ccoeff_normed,2.0
one_match_many_z,,,,,,True,,,,,,,12248.0,12248.0,245.tiff,0.0,ccoeff,2.0
one_match_many_z,,,,,,True,,,,,,,12590.0,12590.0,245.tiff,0.0,ccoeff_normed,2.0
one_match_many_z,,,,,,True,,,,,,,10371.0,10371.0,246.tiff,0.0,ccoeff,2.0
one_match_many_z,,,,,,True,,,,,,,11043.0,11043.0,246.tiff,0.0,ccoeff_normed,2.0
one_match_many_z,,,,,,True,,,,,,,7757.0,7757.0,405.tiff,0.0,ccoeff,2.0
one_match_many_z,,,,,,True,,,,,,,7583.0,7583.0,405.tiff,0.0,ccoeff_normed,2.0
one_match_many_z,,,,,,True,,,,,,,10721.0,10721.0,406.tiff,0.0,ccoeff,2.0
one_match_many_z,,,,,,True,,,,,,,11246.0,11246.0,406.tiff,0.0,ccoeff_normed,2.0
one_match_many_z,,,,,,True,,,,,,,9216.0,9216.0,459.tiff,0.0,ccoeff,2.0
one_match_many_z,,,,,,True,,,,,,,9450.0,9450.0,459.tiff,0.0,ccoeff_normed,2.0
one_match_many_z,,,,,,True,,,,,,,8253.0,8253.0,002.tiff,0.0,ccoeff,2.0
one_match_many_z,,,,,,True,,,,,,,9671.0,9671.0,002.tiff,0.0,ccoeff_normed,2.0
one_match_many_z,,,,,,True,,,,,,,10135.0,10135.0,094.tiff,0.0,ccoeff,2.0
one_match_many_z,,,,,,True,,,,,,,11405.0,11405.0,094.tiff,0.0,ccoeff_normed,2.0
one_match_many_z,,,,,,True,,,,,,,8147.0,8147.0,505.tiff,0.0,ccoeff,2.0
one_match_many_z,,,,,,True,,,,,,,10602.0,10602.0,505.tiff,0.0,ccoeff_normed,2.0
one_match_many_z,,,,,,True,,,,,,,9184.0,9184.0,506.tiff,0.0,ccoeff,2.0
one_match_many_z,,,,,,True,,,,,,,10650.0,10650.0,506.tiff,0.0,ccoeff_normed,2.0
one_match_many_z,,,,,,True,,,,,,,9619.0,9619.0,548.tiff,0.0,ccoeff,2.0
one_match_many_z,,,,,,True,,,,,,,10320.0,10320.0,548.tiff,0.0,ccoeff_normed,2.0
one_match_many_z,,,,,,True,,,,,,,8582.0,8582.0,350.tiff,0.0,ccoeff,2.0
one_match_many_z,,,,,,True,,,,,,,8747.0,8747.0,350.tiff,0.0,ccoeff_normed,2.0
one_match_many_z,,,,,,True,,,,,,,10679.0,10679.0,351.tiff,0.0,ccoeff,2.0
one_match_many_z,,,,,,True,,,,,,,12256.0,12256.0,351.tiff,0.0,ccoeff_normed,2.0
one_match_many_z,,,,,,True,,,,,,,9094.0,9094.0,402.tiff,0.0,ccoeff,2.0
one_match_many_z,,,,,,True,,,,,,,9594.0,9594.0,402.tiff,0.0,ccoeff_normed,2.0
