roi,seed,ann_id,cx,cy,unanimous,n_localmax_within_radius,best_localmax_score,floor,above_floor,dist_nearest_kept,score_nearest_kept,od_at_miss
300.tiff,0,14512,191.0,4831.0,True,0,,0.4734618786692619,False,39.96248240537617,2.044936418533325,
300.tiff,2,14512,191.0,4831.0,True,0,,0.41572176130414007,False,40.24922359499622,2.0518453121185303,
300.tiff,2,14692,5008.0,2348.0,False,2,1.4319288730621338,0.41572176130414007,True,30.066592756745816,2.3218438625335693,0.12293887138366699
300.tiff,3,14512,191.0,4831.0,True,0,,0.45603443926870824,False,38.58756276314948,2.3631036281585693,
300.tiff,4,14512,191.0,4831.0,True,0,,0.38067482749819753,False,35.22782990761707,2.292656898498535,
301.tiff,0,14744,1960.0,517.0,True,1,0.8559024333953857,0.3797819970473647,True,32.984845004941285,0.9106161594390869,0.08119824528694153
301.tiff,2,14939,2390.0,3495.0,False,5,2.608684539794922,0.6736888142764568,True,34.828149534535996,1.6997010707855225,0.13715288043022156
301.tiff,4,14884,1272.0,2783.0,True,1,1.7971827983856201,0.5039157656669617,True,30.59411708155671,1.7728486061096191,0.1105145514011383
301.tiff,4,14978,1161.0,4052.0,True,3,1.37725031375885,0.5039157656669617,True,30.805843601498726,1.48691987991333,0.126994788646698
