file_name,arm,n_gt_mitotic,n_captured,ceiling,n_pool,quantile,depth,frac_of_pool
301.tiff,connected_components,218,218,1.0,20370,0.5,167,0.0082
301.tiff,connected_components,218,218,1.0,20370,0.9,720,0.0353
301.tiff,connected_components,218,218,1.0,20370,0.95,1428,0.0701
301.tiff,connected_components,218,218,1.0,20370,0.98,4307,0.2114
301.tiff,connected_components,218,218,1.0,20370,0.99,6101,0.2995
301.tiff,connected_components,218,218,1.0,20370,1.0,7750,0.3805
301.tiff,cc_maxarea10k,218,218,1.0,20397,0.5,167,0.0082
301.tiff,cc_maxarea10k,218,218,1.0,20397,0.9,720,0.0353
301.tiff,cc_maxarea10k,218,218,1.0,20397,0.95,1429,0.0701
301.tiff,cc_maxarea10k,218,218,1.0,20397,0.98,4314,0.2115
301.tiff,cc_maxarea10k,218,218,1.0,20397,0.99,6112,0.2997
301.tiff,cc_maxarea10k,218,218,1.0,20397,1.0,7763,0.3806
301.tiff,watershed,218,218,1.0,37763,0.5,193,0.0051
301.tiff,watershed,218,218,1.0,37763,0.9,1050,0.0278
301.tiff,watershed,218,218,1.0,37763,0.95,1988,0.0526
301.tiff,watershed,218,218,1.0,37763,0.98,4875,0.1291
301.tiff,watershed,218,218,1.0,37763,0.99,6493,0.1719
301.tiff,watershed,218,218,1.0,37763,1.0,14252,0.3774
301.tiff,watershed_maxarea10k,218,218,1.0,37763,0.5,193,0.0051
301.tiff,watershed_maxarea10k,218,218,1.0,37763,0.9,1050,0.0278
301.tiff,watershed_maxarea10k,218,218,1.0,37763,0.95,1988,0.0526
301.tiff,watershed_maxarea10k,218,218,1.0,37763,0.98,4875,0.1291
301.tiff,watershed_maxarea10k,218,218,1.0,37763,0.99,6493,0.1719
301.tiff,watershed_maxarea10k,218,218,1.0,37763,1.0,14252,0.3774
300.tiff,connected_components,181,181,1.0,17376,0.5,143,0.0082
300.tiff,connected_components,181,181,1.0,17376,0.9,699,0.0402
300.tiff,connected_components,181,181,1.0,17376,0.95,1157,0.0666
300.tiff,connected_components,181,181,1.0,17376,0.98,2510,0.1445
300.tiff,connected_components,181,181,1.0,17376,0.99,3241,0.1865
300.tiff,connected_components,181,181,1.0,17376,1.0,4246,0.2444
300.tiff,cc_maxarea10k,181,181,1.0,17376,0.5,143,0.0082
300.tiff,cc_maxarea10k,181,181,1.0,17376,0.9,699,0.0402
300.tiff,cc_maxarea10k,181,181,1.0,17376,0.95,1157,0.0666
300.tiff,cc_maxarea10k,181,181,1.0,17376,0.98,2510,0.1445
300.tiff,cc_maxarea10k,181,181,1.0,17376,0.99,3241,0.1865
300.tiff,cc_maxarea10k,181,181,1.0,17376,1.0,4246,0.2444
300.tiff,watershed,181,181,1.0,32313,0.5,149,0.0046
300.tiff,watershed,181,181,1.0,32313,0.9,765,0.0237
300.tiff,watershed,181,181,1.0,32313,0.95,1191,0.0369
300.tiff,watershed,181,181,1.0,32313,0.98,1609,0.0498
300.tiff,watershed,181,181,1.0,32313,0.99,2535,0.0785
300.tiff,watershed,181,181,1.0,32313,1.0,2763,0.0855
300.tiff,watershed_maxarea10k,181,181,1.0,32313,0.5,149,0.0046
300.tiff,watershed_maxarea10k,181,181,1.0,32313,0.9,765,0.0237
300.tiff,watershed_maxarea10k,181,181,1.0,32313,0.95,1191,0.0369
300.tiff,watershed_maxarea10k,181,181,1.0,32313,0.98,1609,0.0498
300.tiff,watershed_maxarea10k,181,181,1.0,32313,0.99,2535,0.0785
300.tiff,watershed_maxarea10k,181,181,1.0,32313,1.0,2763,0.0855
246.tiff,connected_components,116,112,0.9655,21059,0.5,187,0.0089
246.tiff,connected_components,116,112,0.9655,21059,0.9,1045,0.0496
246.tiff,connected_components,116,112,0.9655,21059,0.95,1757,0.0834
246.tiff,connected_components,116,112,0.9655,21059,0.98,1966,0.0934
246.tiff,connected_components,116,112,0.9655,21059,0.99,17321,0.8225
246.tiff,connected_components,116,112,0.9655,21059,1.0,20493,0.9731
246.tiff,cc_maxarea10k,116,112,0.9655,21170,0.5,187,0.0088
246.tiff,cc_maxarea10k,116,112,0.9655,21170,0.9,1045,0.0494
246.tiff,cc_maxarea10k,116,112,0.9655,21170,0.95,1758,0.083
246.tiff,cc_maxarea10k,116,112,0.9655,21170,0.98,1967,0.0929
246.tiff,cc_maxarea10k,116,112,0.9655,21170,0.99,17421,0.8229
246.tiff,cc_maxarea10k,116,112,0.9655,21170,1.0,20602,0.9732
246.tiff,watershed,116,116,1.0,57156,0.5,192,0.0034
246.tiff,watershed,116,116,1.0,57156,0.9,796,0.0139
246.tiff,watershed,116,116,1.0,57156,0.95,1026,0.018
246.tiff,watershed,116,116,1.0,57156,0.98,1842,0.0322
246.tiff,watershed,116,116,1.0,57156,0.99,3033,0.0531
246.tiff,watershed,116,116,1.0,57156,1.0,3082,0.0539
246.tiff,watershed_maxarea10k,116,116,1.0,57156,0.5,192,0.0034
246.tiff,watershed_maxarea10k,116,116,1.0,57156,0.9,796,0.0139
246.tiff,watershed_maxarea10k,116,116,1.0,57156,0.95,1026,0.018
246.tiff,watershed_maxarea10k,116,116,1.0,57156,0.98,1842,0.0322
246.tiff,watershed_maxarea10k,116,116,1.0,57156,0.99,3033,0.0531
246.tiff,watershed_maxarea10k,116,116,1.0,57156,1.0,3082,0.0539
245.tiff,connected_components,90,90,1.0,34910,0.5,884,0.0253
245.tiff,connected_components,90,90,1.0,34910,0.9,9766,0.2797
245.tiff,connected_components,90,90,1.0,34910,0.95,13481,0.3862
245.tiff,connected_components,90,90,1.0,34910,0.98,15959,0.4571
245.tiff,connected_components,90,90,1.0,34910,0.99,17473,0.5005
245.tiff,connected_components,90,90,1.0,34910,1.0,17473,0.5005
245.tiff,cc_maxarea10k,90,90,1.0,34919,0.5,884,0.0253
245.tiff,cc_maxarea10k,90,90,1.0,34919,0.9,9768,0.2797
245.tiff,cc_maxarea10k,90,90,1.0,34919,0.95,13485,0.3862
245.tiff,cc_maxarea10k,90,90,1.0,34919,0.98,15963,0.4571
245.tiff,cc_maxarea10k,90,90,1.0,34919,0.99,17478,0.5005
245.tiff,cc_maxarea10k,90,90,1.0,34919,1.0,17478,0.5005
245.tiff,watershed,90,90,1.0,60609,0.5,785,0.013
245.tiff,watershed,90,90,1.0,60609,0.9,7025,0.1159
245.tiff,watershed,90,90,1.0,60609,0.95,11514,0.19
245.tiff,watershed,90,90,1.0,60609,0.98,21142,0.3488
245.tiff,watershed,90,90,1.0,60609,0.99,21500,0.3547
245.tiff,watershed,90,90,1.0,60609,1.0,21500,0.3547
245.tiff,watershed_maxarea10k,90,90,1.0,60609,0.5,785,0.013
245.tiff,watershed_maxarea10k,90,90,1.0,60609,0.9,7025,0.1159
245.tiff,watershed_maxarea10k,90,90,1.0,60609,0.95,11514,0.19
245.tiff,watershed_maxarea10k,90,90,1.0,60609,0.98,21142,0.3488
245.tiff,watershed_maxarea10k,90,90,1.0,60609,0.99,21500,0.3547
245.tiff,watershed_maxarea10k,90,90,1.0,60609,1.0,21500,0.3547
201.tiff,connected_components,18,16,0.8889,12446,0.5,49,0.0039
201.tiff,connected_components,18,16,0.8889,12446,0.9,2712,0.2179
201.tiff,connected_components,18,16,0.8889,12446,0.95,4794,0.3852
201.tiff,connected_components,18,16,0.8889,12446,0.98,4794,0.3852
201.tiff,connected_components,18,16,0.8889,12446,0.99,4794,0.3852
201.tiff,connected_components,18,16,0.8889,12446,1.0,4794,0.3852
201.tiff,cc_maxarea10k,18,17,0.9444,12617,0.5,70,0.0055
201.tiff,cc_maxarea10k,18,17,0.9444,12617,0.9,2742,0.2173
201.tiff,cc_maxarea10k,18,17,0.9444,12617,0.95,4891,0.3877
201.tiff,cc_maxarea10k,18,17,0.9444,12617,0.98,4891,0.3877
201.tiff,cc_maxarea10k,18,17,0.9444,12617,0.99,4891,0.3877
201.tiff,cc_maxarea10k,18,17,0.9444,12617,1.0,4891,0.3877
201.tiff,watershed,18,18,1.0,40829,0.5,101,0.0025
201.tiff,watershed,18,18,1.0,40829,0.9,1275,0.0312
201.tiff,watershed,18,18,1.0,40829,0.95,3087,0.0756
201.tiff,watershed,18,18,1.0,40829,0.98,3087,0.0756
201.tiff,watershed,18,18,1.0,40829,0.99,3087,0.0756
201.tiff,watershed,18,18,1.0,40829,1.0,3087,0.0756
201.tiff,watershed_maxarea10k,18,18,1.0,40829,0.5,101,0.0025
201.tiff,watershed_maxarea10k,18,18,1.0,40829,0.9,1275,0.0312
201.tiff,watershed_maxarea10k,18,18,1.0,40829,0.95,3087,0.0756
201.tiff,watershed_maxarea10k,18,18,1.0,40829,0.98,3087,0.0756
201.tiff,watershed_maxarea10k,18,18,1.0,40829,0.99,3087,0.0756
201.tiff,watershed_maxarea10k,18,18,1.0,40829,1.0,3087,0.0756
202.tiff,connected_components,16,16,1.0,13440,0.5,27,0.002
202.tiff,connected_components,16,16,1.0,13440,0.9,1020,0.0759
202.tiff,connected_components,16,16,1.0,13440,0.95,2304,0.1714
202.tiff,connected_components,16,16,1.0,13440,0.98,2304,0.1714
202.tiff,connected_components,16,16,1.0,13440,0.99,2304,0.1714
202.tiff,connected_components,16,16,1.0,13440,1.0,2304,0.1714
202.tiff,cc_maxarea10k,16,16,1.0,13462,0.5,27,0.002
202.tiff,cc_maxarea10k,16,16,1.0,13462,0.9,1020,0.0758
202.tiff,cc_maxarea10k,16,16,1.0,13462,0.95,2304,0.1711
202.tiff,cc_maxarea10k,16,16,1.0,13462,0.98,2304,0.1711
202.tiff,cc_maxarea10k,16,16,1.0,13462,0.99,2304,0.1711
202.tiff,cc_maxarea10k,16,16,1.0,13462,1.0,2304,0.1711
202.tiff,watershed,16,16,1.0,30287,0.5,32,0.0011
202.tiff,watershed,16,16,1.0,30287,0.9,1288,0.0425
202.tiff,watershed,16,16,1.0,30287,0.95,1859,0.0614
202.tiff,watershed,16,16,1.0,30287,0.98,1859,0.0614
202.tiff,watershed,16,16,1.0,30287,0.99,1859,0.0614
202.tiff,watershed,16,16,1.0,30287,1.0,1859,0.0614
202.tiff,watershed_maxarea10k,16,16,1.0,30287,0.5,32,0.0011
202.tiff,watershed_maxarea10k,16,16,1.0,30287,0.9,1288,0.0425
202.tiff,watershed_maxarea10k,16,16,1.0,30287,0.95,1859,0.0614
202.tiff,watershed_maxarea10k,16,16,1.0,30287,0.98,1859,0.0614
202.tiff,watershed_maxarea10k,16,16,1.0,30287,0.99,1859,0.0614
202.tiff,watershed_maxarea10k,16,16,1.0,30287,1.0,1859,0.0614
405.tiff,connected_components,14,14,1.0,7577,0.5,796,0.1051
405.tiff,connected_components,14,14,1.0,7577,0.9,2968,0.3917
405.tiff,connected_components,14,14,1.0,7577,0.95,3630,0.4791
405.tiff,connected_components,14,14,1.0,7577,0.98,3630,0.4791
405.tiff,connected_components,14,14,1.0,7577,0.99,3630,0.4791
405.tiff,connected_components,14,14,1.0,7577,1.0,3630,0.4791
405.tiff,cc_maxarea10k,14,14,1.0,7579,0.5,796,0.105
405.tiff,cc_maxarea10k,14,14,1.0,7579,0.9,2969,0.3917
405.tiff,cc_maxarea10k,14,14,1.0,7579,0.95,3632,0.4792
405.tiff,cc_maxarea10k,14,14,1.0,7579,0.98,3632,0.4792
405.tiff,cc_maxarea10k,14,14,1.0,7579,0.99,3632,0.4792
405.tiff,cc_maxarea10k,14,14,1.0,7579,1.0,3632,0.4792
405.tiff,watershed,14,14,1.0,12611,0.5,506,0.0401
405.tiff,watershed,14,14,1.0,12611,0.9,2110,0.1673
405.tiff,watershed,14,14,1.0,12611,0.95,3531,0.28
405.tiff,watershed,14,14,1.0,12611,0.98,3531,0.28
405.tiff,watershed,14,14,1.0,12611,0.99,3531,0.28
405.tiff,watershed,14,14,1.0,12611,1.0,3531,0.28
405.tiff,watershed_maxarea10k,14,14,1.0,12611,0.5,506,0.0401
405.tiff,watershed_maxarea10k,14,14,1.0,12611,0.9,2110,0.1673
405.tiff,watershed_maxarea10k,14,14,1.0,12611,0.95,3531,0.28
405.tiff,watershed_maxarea10k,14,14,1.0,12611,0.98,3531,0.28
405.tiff,watershed_maxarea10k,14,14,1.0,12611,0.99,3531,0.28
405.tiff,watershed_maxarea10k,14,14,1.0,12611,1.0,3531,0.28
